wid,word,image,pratice,word_type,rt,response,type_time,response_type,typing_rt
we3e3831,elbow,../static/stimuli/images/bookstore/sun_aalyndhausktwxbc.jpg,True,high,1,,9542.47999999643,empty,
we3e3831,tiger,../static/stimuli/images/greenhouse/sun_apjhtwdcpezmnlze.jpg,False,high,3,,6701.1899999997695,empty,
we3e3831,villain,../static/stimuli/images/garage/sun_dswqerijtizeqkhu.jpg,False,low,1,villian,4925.595000000612,other,3017.0
we3e3831,transplant,../static/stimuli/images/castle/sun_aduovtnrsmdtcpie.jpg,False,low,1,,9141.925000003539,empty,
we3e3831,stranger,../static/stimuli/images/kitchen/sun_ajmwiafzffjerzeb.jpg,False,low,1,stranger,4050.9499999971013,correct,1778.0
we3e3831,idol,../static/stimuli/images/pool/sun_amnkmeojepioccty.jpg,False,low,1,club,2733.0149999979767,other,1883.0
we3e3831,stable,../static/stimuli/images/gym/sun_awvqsdkrklypaaep.jpg,False,low,1,club,4780.955000001995,other,4031.0
we3e3831,shoelace,../static/stimuli/images/house/sun_awyiuqdptibtzfuh.jpg,False,high,1,stranger,4375.485000004119,intrusion,2558.0
we3e3831,carrot,../static/stimuli/images/railway/sun_acfjiedtgqzgvtnp.jpg,False,high,1,club,5725.910000001022,other,2645.0
we3e3831,pillow,../static/stimuli/images/footballfield/sun_aadxnjugrvhqyufw.jpg,False,high,1,,2612.2699999978067,empty,
we3e3831,frog,../static/stimuli/images/river/sun_aiazxjumlgdcrfpn.jpg,False,high,1,sand,2858.1649999978254,intrusion,1559.0
we3e3831,hamburger,../static/stimuli/images/grocery/sun_aczzweebuokhxnbb.jpg,False,high,1,stranger,5080.744999999297,intrusion,2872.0
we3e3831,donor,../static/stimuli/images/campsite/sun_agkgjmhhyqowlmdm.jpg,False,low,1,,8367.984999997134,empty,
we3e3831,editorial,../static/stimuli/images/auditorium/sun_almcaxysfdwizxac.jpg,False,low,1,editorial,7218.41499999573,correct,2590.0
we3e3831,empire,../static/stimuli/images/musuem/sun_alsgupdkmpsptlos.jpg,False,low,1,,3210.255000005418,empty,
we3e3831,bed,../static/stimuli/images/airport/sun_aelkzcvlquyyzxlu.jpg,False,high,1,,1699.5299999980489,empty,
we3e3831,sand,../static/stimuli/images/forest/sun_atlxncsxfmqwisuw.jpg,False,high,1,sand,2334.9750000052154,correct,1254.0
we3e3831,ear,../static/stimuli/images/downtown/sun_bubeehcgngkyqymr.jpg,False,high,1,,8555.030000003171,empty,
we3e3831,atom,../static/stimuli/images/computerroom/sun_adsueslplqfnwvqd.jpg,False,low,1,atom,3321.880000003148,correct,2103.0
we3e3831,ghost,../static/stimuli/images/beach/sun_aacgcodmtsyjjmbx.jpg,False,low,1,,2909.319999998843,empty,
w967497e,grizzly,../static/stimuli/images/beach/sun_aabhqzsffoeycgje.jpg,True,low,2,grizzly,5482.0,correct,3773.0
w967497e,elbow,../static/stimuli/images/airport/sun_aonhxkxmksvewqlr.jpg,False,high,1,elbow,3716.0000000003492,correct,2469.0
w967497e,pillow,../static/stimuli/images/river/sun_aahjsajmsehqtuox.jpg,False,high,1,pillow,2502.9999999987776,correct,1717.0
w967497e,shoelace,../static/stimuli/images/footballfield/sun_ahqkbelqgjflpbjo.jpg,False,high,1,shoelace,2829.0000000015716,correct,1257.0
w967497e,scapegoat,../static/stimuli/images/computerroom/sun_aknbqkyjmltzjpuf.jpg,False,low,1,scapegoat,3738.0000000012224,correct,2175.0
w967497e,permit,../static/stimuli/images/kitchen/sun_aovnyfewezfmgwke.jpg,False,low,1,permit,2163.0000000004657,correct,1509.0
w967497e,finger,../static/stimuli/images/house/sun_admwlghhtfixlbsf.jpg,False,high,0,finger,2063.0000000001164,correct,1315.0
w967497e,roost,../static/stimuli/images/campsite/sun_agjhcohmxuuaimig.jpg,False,low,1,roost,1971.9999999997672,correct,1254.0
w967497e,cookie,../static/stimuli/images/downtown/sun_bubeehcgngkyqymr.jpg,False,high,1,cookie,2789.0000000006985,correct,1700.0
w967497e,application,../static/stimuli/images/auditorium/sun_amnlhuknqqtssrhl.jpg,False,low,1,application,2782.999999999418,correct,1153.0
w967497e,donor,../static/stimuli/images/pool/sun_argikopryamoycho.jpg,False,low,1,donor,2147.000000000873,correct,1567.0
w967497e,refrigerator,../static/stimuli/images/railway/sun_aprfapnfngmvbixm.jpg,False,high,1,refrigerator,4041.999999999418,correct,1325.0
w967497e,flower,../static/stimuli/images/grocery/sun_ajfkrdilcurxubxd.jpg,False,high,1,flower,2192.000000000873,correct,1458.0
w967497e,transplant,../static/stimuli/images/musuem/sun_ayrwspiydnlwhouo.jpg,False,low,2,transplant,3134.0,correct,1591.0
w967497e,territory,../static/stimuli/images/gym/sun_aljefikdfqefidfc.jpg,False,low,2,territory,3987.9999999993597,correct,1928.0
w967497e,ozone,../static/stimuli/images/castle/sun_aduovtnrsmdtcpie.jpg,False,low,1,ozone,2406.9999999992433,correct,1735.0
w967497e,goddess,../static/stimuli/images/garage/sun_djtxkmtcichrbudp.jpg,False,low,1,goddess,3216.9999999987776,correct,2122.0
w967497e,magazine,../static/stimuli/images/bookstore/sun_aalyndhausktwxbc.jpg,False,high,1,magazine,2234.0000000003492,correct,1095.0
w967497e,sand,../static/stimuli/images/greenhouse/sun_aqkjiolbtywtaxak.jpg,False,high,1,sand,1834.9999999991269,correct,1471.0
w967497e,saxophone,../static/stimuli/images/forest/sun_arwykvgzpgybhibg.jpg,False,high,1,saxophone,3175.999999999476,correct,1555.0
w8a1e00b,crook,../static/stimuli/images/garage/sun_dqhbnkldvcwhjinp.jpg,True,low,1,crook,1543.0,correct,1033.0
w8a1e00b,electron,../static/stimuli/images/beach/sun_abylvpgvhrpaxgnk.jpg,False,low,1,electron,2197.0,correct,1112.0
w8a1e00b,flower,../static/stimuli/images/river/sun_aztombwyhubhaynq.jpg,False,high,1,flower,2313.0,correct,1770.0
w8a1e00b,barracuda,../static/stimuli/images/bookstore/sun_aauabdbreuzsnnrv.jpg,False,high,2,barracuda,1909.0,correct,999.0
w8a1e00b,shoelace,../static/stimuli/images/grocery/sun_acmmgshfrxgopxlk.jpg,False,high,1,shoelace,2355.0,correct,1194.0
w8a1e00b,virus,../static/stimuli/images/pool/sun_aelfhlyhvuglfcha.jpg,False,low,0,virus,1489.0,correct,1110.0
w8a1e00b,major,../static/stimuli/images/castle/sun_alevmcaohaqqwlic.jpg,False,low,0,major,1529.0,correct,1088.0
w8a1e00b,horse,../static/stimuli/images/airport/sun_ammfdrzrfvjsqahx.jpg,False,high,0,horse,2196.0,correct,1102.0
w8a1e00b,keeper,../static/stimuli/images/campsite/sun_arwteuvpegqctvcg.jpg,False,low,1,bee,1153.0,other,903.0
w8a1e00b,goat,../static/stimuli/images/footballfield/sun_aszinldqqvnpmwfh.jpg,False,high,0,goat,2630.0,correct,2326.0
w8a1e00b,baby,../static/stimuli/images/greenhouse/sun_aqkjiolbtywtaxak.jpg,False,high,0,baby,2722.0,correct,1924.0
w8a1e00b,handkerchief,../static/stimuli/images/railway/sun_asgcpxncztcqwiyz.jpg,False,high,1,handkerchief,2163.0,correct,1016.0
w8a1e00b,critic,../static/stimuli/images/auditorium/sun_ahcmaddzrcfxzuuz.jpg,False,low,0,critic,1696.0,correct,1150.0
w8a1e00b,community,../static/stimuli/images/computerroom/sun_aiwdglrsrkkfbgzz.jpg,False,low,2,manager,2083.0,other,1494.0
w8a1e00b,rebel,../static/stimuli/images/gym/sun_aljefikdfqefidfc.jpg,False,low,0,,8763.0,empty,
w8a1e00b,apple,../static/stimuli/images/forest/sun_atohvclowaousrfh.jpg,False,high,0,apple,1490.0,correct,915.0
w8a1e00b,consumer,../static/stimuli/images/musuem/sun_agblrnoilxeknben.jpg,False,low,1,consumer,2173.0,correct,1447.0
w8a1e00b,eagle,../static/stimuli/images/downtown/sun_axbzajoxhnjergfp.jpg,False,high,0,eagle,1789.0,correct,1357.0
w8a1e00b,tractor,../static/stimuli/images/house/sun_abcaoiwkiofeweig.jpg,False,high,0,tractor,2283.0,correct,1477.0
w8a1e00b,volunteer,../static/stimuli/images/kitchen/sun_aovnyfewezfmgwke.jpg,False,low,0,volunteer,2258.0,correct,1157.0
weda1618,territory,../static/stimuli/images/beach/sun_aabhqzsffoeycgje.jpg,True,low,3,,,timeout,
weda1618,crook,../static/stimuli/images/auditorium/sun_ahwnrxacspjqqqfm.jpg,False,low,1,crook,3242.340000000666,correct,2466.0
weda1618,application,../static/stimuli/images/gym/sun_akhyzejtqpynaepu.jpg,False,low,4,application,4319.66000000108,correct,2470.0
weda1618,permit,../static/stimuli/images/castle/sun_alsmelmsufuoupht.jpg,False,low,4,,,timeout,
weda1618,tomato,../static/stimuli/images/bookstore/sun_avqoszezjldwidcy.jpg,False,high,2,tomato,3113.2800000013667,correct,1960.0
weda1618,community,../static/stimuli/images/computerroom/sun_atznfxhjiiugbvxi.jpg,False,low,5,community,7295.9550000014715,correct,3462.0
weda1618,pig,../static/stimuli/images/river/sun_atesawsfypjpyefy.jpg,False,high,3,,,timeout,
weda1618,walrus,../static/stimuli/images/downtown/sun_ahtmvwmmrlbrfchd.jpg,False,high,3,s,6474.55500000075,other,6476.0
weda1618,jeans,../static/stimuli/images/forest/sun_akxbwsrgnuadikod.jpg,False,high,3,jeans,2740.010000001348,correct,1857.0
weda1618,electron,../static/stimuli/images/pool/sun_amnkmeojepioccty.jpg,False,low,7,electron,6115.054999998421,correct,3651.0
weda1618,atom,../static/stimuli/images/garage/sun_danujvtkymldhxqn.jpg,False,low,4,atom,3152.5149999979185,correct,2486.0
weda1618,shoelace,../static/stimuli/images/house/sun_aahrslvfecptaudk.jpg,False,high,2,shoelace,6186.0449999985285,correct,4564.0
weda1618,magazine,../static/stimuli/images/greenhouse/sun_bmkhcqoxkpbmqplr.jpg,False,high,4,magazine,6908.820000000589,correct,4065.0
weda1618,editorial,../static/stimuli/images/musuem/sun_axbkhklgdaevqxyj.jpg,False,low,5,,8176.085000002815,empty,
weda1618,suburb,../static/stimuli/images/kitchen/sun_axvexejcndazoqxl.jpg,False,low,2,suburb,5848.229999999632,correct,3584.0
weda1618,elbow,../static/stimuli/images/footballfield/sun_afuzusgbewygvixv.jpg,False,high,1,elbow,4926.01499999722,correct,3768.0
weda1618,house,../static/stimuli/images/railway/sun_avugyywnswogxvlh.jpg,False,high,5,cars,9572.759999999136,other,8911.0
weda1618,sand,../static/stimuli/images/grocery/sun_ajfkrdilcurxubxd.jpg,False,high,5,,,timeout,
weda1618,carrot,../static/stimuli/images/airport/sun_aojbxgadgjyajeaw.jpg,False,high,1,carrott,4686.965000000782,correct,2120.0
weda1618,roost,../static/stimuli/images/campsite/sun_azvxwxzbkknkggng.jpg,False,low,2,,6934.7799999996205,empty,
w344bd58,fellow,../static/stimuli/images/gym/sun_abcjjambqjxedqdv.jpg,True,low,1,fellow,3470.804999989923,correct,2239.0
w344bd58,handkerchief,../static/stimuli/images/airport/sun_axyoqqhxaeocbixs.jpg,False,high,1,hankerchief,4191.234999976587,other,2258.0
w344bd58,traitor,../static/stimuli/images/musuem/sun_ayrwspiydnlwhouo.jpg,False,low,1,traitor,4255.089999991469,correct,2198.0
w344bd58,transplant,../static/stimuli/images/castle/sun_apbjjqvsvrybtdua.jpg,False,low,1,transplant,4527.06500000204,correct,2334.0
w344bd58,shoelace,../static/stimuli/images/railway/sun_asgcpxncztcqwiyz.jpg,False,high,1,shoelace,2559.255000000121,correct,1291.0
w344bd58,apple,../static/stimuli/images/house/sun_admwlghhtfixlbsf.jpg,False,high,1,apple,1789.9000000033993,correct,1127.0
w344bd58,strawberry,../static/stimuli/images/forest/sun_almbxcurjahdxery.jpg,False,high,1,strawberry,3519.4199999968987,correct,1215.0
w344bd58,eagle,../static/stimuli/images/downtown/sun_abosdjemftsczdvd.jpg,False,high,1,eagle,2132.5700000161305,correct,1334.0
w344bd58,pillow,../static/stimuli/images/footballfield/sun_afuzusgbewygvixv.jpg,False,high,1,pillow,2412.9850000026636,correct,1220.0
w344bd58,follower,../static/stimuli/images/auditorium/sun_ahwnrxacspjqqqfm.jpg,False,low,1,follower,2927.1950000256766,correct,1526.0
w344bd58,cue,../static/stimuli/images/kitchen/sun_alazdvaixpjtegwg.jpg,False,low,1,cue,2175.905000010971,correct,1702.0
w344bd58,donor,../static/stimuli/images/beach/sun_aafwmyqvqgtvdkce.jpg,False,low,1,donor,7017.454999993788,correct,4877.0
w344bd58,tomato,../static/stimuli/images/bookstore/sun_avsybhiblxqxcayh.jpg,False,high,1,tomato,1981.7049999837764,correct,1091.0
w344bd58,banana,../static/stimuli/images/river/sun_auvfucpnqlcaddzs.jpg,False,high,1,banana,3448.2650000136346,correct,1519.0
w344bd58,community,../static/stimuli/images/garage/sun_daivjtyepudsqerl.jpg,False,low,1,community,3884.0199999976903,correct,2595.0
w344bd58,quill,../static/stimuli/images/greenhouse/sun_bmzsunjewvlfjojq.jpg,False,high,1,shill,3210.4399999952875,other,2582.0
w344bd58,scenery,../static/stimuli/images/campsite/sun_akmknzqdbcxpznth.jpg,False,low,1,life,9665.594999998575,other,9316.0
w344bd58,bed,../static/stimuli/images/grocery/sun_acmmgshfrxgopxlk.jpg,False,high,1,bed,1683.6449999827892,correct,1304.0
w344bd58,editorial,../static/stimuli/images/pool/sun_aexdaltifheurhfa.jpg,False,low,1,read,4851.2099999934435,other,4003.0
w344bd58,scapegoat,../static/stimuli/images/computerroom/sun_ajcvdokgzllibdsg.jpg,False,low,1,scapegoat,5180.679999990389,correct,1859.0
wbdd931d,well,../static/stimuli/images/castle/sun_alsmelmsufuoupht.jpg,True,low,1,well,8476.849999977276,correct,7318.0
wbdd931d,critic,../static/stimuli/images/pool/sun_argikopryamoycho.jpg,False,low,0,critic,8938.375000143424,correct,6819.0
wbdd931d,villain,../static/stimuli/images/campsite/sun_arbodmznqjwtkkya.jpg,False,low,0,vilian,9631.149999797344,other,8792.0
wbdd931d,empire,../static/stimuli/images/garage/sun_daivjtyepudsqerl.jpg,False,low,0,empire,3662.315000081435,correct,2703.0
wbdd931d,transplant,../static/stimuli/images/auditorium/sun_amnlhuknqqtssrhl.jpg,False,low,0,transplant,5654.169999994338,correct,3127.0
wbdd931d,volunteer,../static/stimuli/images/computerroom/sun_aiwdglrsrkkfbgzz.jpg,False,low,0,volunteer,6029.235000023618,correct,4077.0
wbdd931d,tractor,../static/stimuli/images/grocery/sun_ajxqnbvuflmzhcig.jpg,False,high,0,tractor,2798.739999998361,correct,1135.0
wbdd931d,cactus,../static/stimuli/images/greenhouse/sun_bncgstrupskxwget.jpg,False,high,0,cactus,5798.405000008643,correct,3439.0
wbdd931d,apple,../static/stimuli/images/river/sun_advruofhmqeyqmbx.jpg,False,high,0,,,timeout,9924.0
wbdd931d,seagull,../static/stimuli/images/forest/sun_atlxncsxfmqwisuw.jpg,False,high,0,seagull,6590.729999821633,correct,5207.0
wbdd931d,chimney,../static/stimuli/images/airport/sun_aonhxkxmksvewqlr.jpg,False,high,0,,,timeout,
wbdd931d,neck,../static/stimuli/images/footballfield/sun_ahqkbelqgjflpbjo.jpg,False,high,0,neck,4317.830000072718,correct,3390.0
wbdd931d,personnel,../static/stimuli/images/beach/sun_abylvpgvhrpaxgnk.jpg,False,low,0,personnel,9308.39000013657,correct,7964.0
wbdd931d,gravel,../static/stimuli/images/bookstore/sun_auwghripdoxzluuk.jpg,False,high,0,,,timeout,8432.0
wbdd931d,enemy,../static/stimuli/images/kitchen/sun_avlgzqfdedxwbiei.jpg,False,low,0,enemy,7158.130000112578,correct,6391.0
wbdd931d,cookie,../static/stimuli/images/house/sun_afejjgypgnszvwza.jpg,False,high,0,cookie,4054.3850001413375,correct,2678.0
wbdd931d,elephant,../static/stimuli/images/downtown/sun_bctdtcqciqgupefg.jpg,False,high,0,elephant,5070.2649999875575,correct,3366.0
wbdd931d,ozone,../static/stimuli/images/musuem/sun_agblrnoilxeknben.jpg,False,low,0,ozone,5740.965000120923,correct,5086.0
wbdd931d,banana,../static/stimuli/images/railway/sun_acfjiedtgqzgvtnp.jpg,False,high,0,banana,3454.3000000994653,correct,2711.0
wbdd931d,department,../static/stimuli/images/gym/sun_awstzxompuovdfck.jpg,False,low,0,department,7878.779999911785,correct,6519.0
w2fd0404,goat,../static/stimuli/images/bookstore/sun_avsybhiblxqxcayh.jpg,True,high,2,goat,5851.894999999786,correct,5411.0
w2fd0404,transplant,../static/stimuli/images/computerroom/sun_aknbqkyjmltzjpuf.jpg,False,low,1,graft,12416.235000004235,other,12417.0
w2fd0404,territory,../static/stimuli/images/gym/sun_abcjjambqjxedqdv.jpg,False,low,1,,,timeout,
w2fd0404,tulip,../static/stimuli/images/grocery/sun_akqpikmgyzrpoilg.jpg,False,high,1,tulip,8368.139999998675,correct,8369.0
w2fd0404,flower,../static/stimuli/images/airport/sun_aonhxkxmksvewqlr.jpg,False,high,1,,5182.159999996657,empty,
w2fd0404,scenery,../static/stimuli/images/pool/sun_alkvkavnnunmdavq.jpg,False,low,1,,,timeout,
w2fd0404,cue,../static/stimuli/images/campsite/sun_agkgjmhhyqowlmdm.jpg,False,low,1,,3843.4850000048755,empty,
w2fd0404,neck,../static/stimuli/images/greenhouse/sun_amgolruftenzsoay.jpg,False,high,1,neck,7984.9549999999,correct,6450.0
w2fd0404,apple,../static/stimuli/images/downtown/sun_ahwvhnliokuzkazb.jpg,False,high,1,apple,2835.8850000004168,correct,2229.0
w2fd0404,fellow,../static/stimuli/images/garage/sun_dswqerijtizeqkhu.jpg,False,low,2,man,2697.330000002694,other,2292.0
w2fd0404,elbow,../static/stimuli/images/railway/sun_atutomffrubpoiva.jpg,False,high,1,elbow,3526.850000002014,correct,1984.0
w2fd0404,sand,../static/stimuli/images/river/sun_awyqyxlrmqvjlwnd.jpg,False,high,1,,,timeout,
w2fd0404,winner,../static/stimuli/images/kitchen/sun_avlgzqfdedxwbiei.jpg,False,low,1,winner,2973.5749999963446,correct,2177.0
w2fd0404,editorial,../static/stimuli/images/castle/sun_alsmelmsufuoupht.jpg,False,low,1,,5283.914999999979,empty,
w2fd0404,bug,../static/stimuli/images/house/sun_admwlghhtfixlbsf.jpg,False,high,1,bug,7665.840000001481,correct,7235.0
w2fd0404,stranger,../static/stimuli/images/musuem/sun_alsgupdkmpsptlos.jpg,False,low,1,unknown,11225.899999997637,other,6581.0
w2fd0404,keeper,../static/stimuli/images/beach/sun_abkegkdifglzmevl.jpg,False,low,1,,3382.6350000017555,empty,
w2fd0404,lover,../static/stimuli/images/auditorium/sun_ahwnrxacspjqqqfm.jpg,False,low,1,,2746.695000001637,empty,
w2fd0404,finger,../static/stimuli/images/footballfield/sun_aszinldqqvnpmwfh.jpg,False,high,1,,6936.760000004142,empty,
w2fd0404,antelope,../static/stimuli/images/forest/sun_almbxcurjahdxery.jpg,False,high,1,antelope,8038.515000000189,correct,7042.0
w216da7e,cookie,../static/stimuli/images/bookstore/sun_aalyndhausktwxbc.jpg,True,high,1,cookie,3055.449999985285,correct,2515.0
w216da7e,bug,../static/stimuli/images/grocery/sun_acmmgshfrxgopxlk.jpg,False,high,1,bug,1522.4550000275485,correct,1216.0
w216da7e,major,../static/stimuli/images/garage/sun_danujvtkymldhxqn.jpg,False,low,0,major,1763.6200000415556,correct,1386.0
w216da7e,stranger,../static/stimuli/images/computerroom/sun_azkmsfiuzzekamsy.jpg,False,low,1,stranger,2262.059999979101,correct,1398.0
w216da7e,daisy,../static/stimuli/images/railway/sun_azmvasvseueupvyd.jpg,False,high,1,daisy,1607.9899999895133,correct,1073.0
w216da7e,apple,../static/stimuli/images/greenhouse/sun_bhxqibazllyrcpje.jpg,False,high,1,apple,1644.23999999417,correct,952.0
w216da7e,well,../static/stimuli/images/pool/sun_antxeexzhaspkvlj.jpg,False,low,1,well,1695.5050000105985,correct,1002.0
w216da7e,winner,../static/stimuli/images/campsite/sun_agkgjmhhyqowlmdm.jpg,False,low,1,winner,1482.1700000320561,correct,1072.0
w216da7e,saxophone,../static/stimuli/images/footballfield/sun_aedcjgjztgoialpm.jpg,False,high,1,saxophone,3248.039999976754,correct,1090.0
w216da7e,tulip,../static/stimuli/images/house/sun_awvfftwqwfbjqmmu.jpg,False,high,0,tulip,1594.3950000219047,correct,926.0
w216da7e,bed,../static/stimuli/images/downtown/sun_ahtmvwmmrlbrfchd.jpg,False,high,1,bed,1673.7250000005588,correct,1468.0
w216da7e,territory,../static/stimuli/images/castle/sun_aduovtnrsmdtcpie.jpg,False,low,1,territory,2316.9549999875017,correct,1322.0
w216da7e,quill,../static/stimuli/images/river/sun_aiazxjumlgdcrfpn.jpg,False,high,1,calm,9054.860000032932,other,8707.0
w216da7e,patient,../static/stimuli/images/musuem/sun_alsgupdkmpsptlos.jpg,False,low,1,patient,2983.780000009574,correct,2353.0
w216da7e,stairs,../static/stimuli/images/forest/sun_almbxcurjahdxery.jpg,False,high,1,stairs,1518.4100000187755,correct,999.0
w216da7e,shoelace,../static/stimuli/images/airport/sun_aelkzcvlquyyzxlu.jpg,False,high,1,shoelace,1877.9799999902025,correct,1141.0
w216da7e,stable,../static/stimuli/images/kitchen/sun_axvexejcndazoqxl.jpg,False,low,1,stable,1732.205000007525,correct,934.0
w216da7e,grizzly,../static/stimuli/images/beach/sun_abrqamdurwzygcjy.jpg,False,low,1,grizzly,2043.2549999677576,correct,1006.0
w216da7e,vagrant,../static/stimuli/images/gym/sun_arcsudfqyrphzccy.jpg,False,low,0,vagrant,1797.0799999893643,correct,1121.0
w216da7e,atom,../static/stimuli/images/auditorium/sun_amnlhuknqqtssrhl.jpg,False,low,1,atom,1308.1449999590404,correct,1042.0
w0d1da6b,tractor,../static/stimuli/images/downtown/sun_bubeehcgngkyqymr.jpg,True,high,3,tractor,2774.460000000021,correct,1519.0
w0d1da6b,finger,../static/stimuli/images/railway/sun_aqddawzjzkqycxjc.jpg,False,high,2,finger,2051.185000000056,correct,1346.0
w0d1da6b,cactus,../static/stimuli/images/house/sun_aangbuylfvckqqoo.jpg,False,high,1,cactus,2269.694999999949,correct,1293.0
w0d1da6b,cue,../static/stimuli/images/gym/sun_arcsudfqyrphzccy.jpg,False,low,1,cue,1742.6299999999464,correct,1483.0
w0d1da6b,electron,../static/stimuli/images/kitchen/sun_ajmwiafzffjerzeb.jpg,False,low,1,microscope,4551.360000000044,other,1756.0
w0d1da6b,stairs,../static/stimuli/images/airport/sun_aqytxlpqgdgggfum.jpg,False,high,2,stairs,2915.5999999999185,correct,1437.0
w0d1da6b,parrot,../static/stimuli/images/greenhouse/sun_bxiwqwbzndahlxxp.jpg,False,high,2,parrot,2165.9650000000256,correct,1470.0
w0d1da6b,transplant,../static/stimuli/images/beach/sun_abylvpgvhrpaxgnk.jpg,False,low,1,transplant,2571.8799999999464,correct,1188.0
w0d1da6b,walrus,../static/stimuli/images/river/sun_awyqyxlrmqvjlwnd.jpg,False,high,2,walrus,2120.5849999999627,correct,1197.0
w0d1da6b,permit,../static/stimuli/images/castle/sun_aoguwxhjirnhxsgn.jpg,False,low,2,permit,2270.929999999993,correct,1669.0
w0d1da6b,rebel,../static/stimuli/images/auditorium/sun_ahwnrxacspjqqqfm.jpg,False,low,1,rebel,2155.3099999999977,correct,1344.0
w0d1da6b,elephant,../static/stimuli/images/footballfield/sun_aedcjgjztgoialpm.jpg,False,high,1,elephant,2235.085000000021,correct,1256.0
w0d1da6b,horse,../static/stimuli/images/grocery/sun_atlvleypygwzuszx.jpg,False,high,1,horse,1820.6849999999977,correct,1240.0
w0d1da6b,community,../static/stimuli/images/campsite/sun_akmknzqdbcxpznth.jpg,False,low,1,community,2410.289999999921,correct,1182.0
w0d1da6b,magazine,../static/stimuli/images/bookstore/sun_aamunjvxvlcyagxh.jpg,False,high,1,magazines,3450.015000000014,correct,1315.0
w0d1da6b,bed,../static/stimuli/images/forest/sun_aoqjnzwgdikwayvw.jpg,False,high,1,bed,1406.8600000000442,correct,1118.0
w0d1da6b,follower,../static/stimuli/images/musuem/sun_atiiscmhrcnttlop.jpg,False,low,2,follower,3181.6449999999604,correct,1598.0
w0d1da6b,keeper,../static/stimuli/images/pool/sun_abmafiafisngvteo.jpg,False,low,3,prevent,6504.9700000000885,other,5657.0
w0d1da6b,critic,../static/stimuli/images/garage/sun_djtxkmtcichrbudp.jpg,False,low,2,critic,2493.3899999999558,correct,1848.0
w0d1da6b,stable,../static/stimuli/images/computerroom/sun_atznfxhjiiugbvxi.jpg,False,low,2,stable,4038.3699999999953,correct,1660.0
w63cb8b3,carrot,../static/stimuli/images/river/sun_abktmmreusnujejq.jpg,True,high,2,carrot,4320.334999996703,correct,3613.0
w63cb8b3,jeans,../static/stimuli/images/railway/sun_azmvasvseueupvyd.jpg,False,high,1,jeans,2278.3700000145473,correct,1818.0
w63cb8b3,baby,../static/stimuli/images/forest/sun_abvrazjxgpqhvszy.jpg,False,high,1,baby,1743.5150000092108,correct,1270.0
w63cb8b3,goddess,../static/stimuli/images/computerroom/sun_akcjvpjqukkdanyo.jpg,False,low,1,goddess,2047.0749999803957,correct,1190.0
w63cb8b3,stranger,../static/stimuli/images/musuem/sun_axbkhklgdaevqxyj.jpg,False,low,1,stranger,2009.3800000031479,correct,1249.0
w63cb8b3,consumer,../static/stimuli/images/campsite/sun_agjhcohmxuuaimig.jpg,False,low,1,consumer,3650.519999995595,correct,1162.0
w63cb8b3,tread,../static/stimuli/images/beach/sun_abylvpgvhrpaxgnk.jpg,False,low,1,tread,1671.089999988908,correct,1216.0
w63cb8b3,community,../static/stimuli/images/castle/sun_apbjjqvsvrybtdua.jpg,False,low,1,grovel,8125.620000006165,other,7398.0
w63cb8b3,banana,../static/stimuli/images/airport/sun_aqytxlpqgdgggfum.jpg,False,high,1,banana,2344.184999994468,correct,1755.0
w63cb8b3,tart,../static/stimuli/images/auditorium/sun_ahxfbcfdtvgnrivf.jpg,False,low,1,tart,3190.8650000113994,correct,2816.0
w63cb8b3,octopus,../static/stimuli/images/downtown/sun_axbzajoxhnjergfp.jpg,False,high,1,octopus,3178.459999995539,correct,1801.0
w63cb8b3,barracuda,../static/stimuli/images/greenhouse/sun_apjhtwdcpezmnlze.jpg,False,high,1,baracus,8773.695000010775,other,7803.0
w63cb8b3,patient,../static/stimuli/images/gym/sun_auzbqfsaebhgtrig.jpg,False,low,1,patient,2540.2500000200234,correct,1787.0
w63cb8b3,enemy,../static/stimuli/images/kitchen/sun_aqeaevwwwjoqhzvl.jpg,False,low,1,enemy,2305.839999986347,correct,1559.0
w63cb8b3,gravel,../static/stimuli/images/house/sun_admwlghhtfixlbsf.jpg,False,high,1,gravel,2541.4549999986775,correct,1415.0
w63cb8b3,lover,../static/stimuli/images/garage/sun_dswqerijtizeqkhu.jpg,False,low,1,lovers,1914.14999999688,correct,1299.0
w63cb8b3,application,../static/stimuli/images/pool/sun_abmafiafisngvteo.jpg,False,low,1,,,timeout,
w63cb8b3,horse,../static/stimuli/images/footballfield/sun_byyhmoxeyuabpnes.jpg,False,high,1,horse,2985.0699999951757,correct,2315.0
w63cb8b3,tulip,../static/stimuli/images/grocery/sun_agipdkpovnqrcsgh.jpg,False,high,1,trail,7337.934999988647,other,6709.0
w63cb8b3,magazine,../static/stimuli/images/bookstore/sun_aalyndhausktwxbc.jpg,False,high,1,magazine,3116.22999998508,correct,1587.0
w4460ab1,neck,../static/stimuli/images/forest/sun_almbxcurjahdxery.jpg,True,high,3,neck,1763.0,correct,1410.0
w4460ab1,idol,../static/stimuli/images/castle/sun_aqdmndojwupcntcn.jpg,False,low,1,idol,2261.0,correct,1872.0
w4460ab1,stranger,../static/stimuli/images/auditorium/sun_aiheutdgogkujwri.jpg,False,low,2,stranger,1773.0,correct,1189.0
w4460ab1,pig,../static/stimuli/images/railway/sun_acfjiedtgqzgvtnp.jpg,False,high,1,pig,1282.0,correct,1065.0
w4460ab1,goddess,../static/stimuli/images/musuem/sun_alsgupdkmpsptlos.jpg,False,low,1,godess,2823.0,other,1731.0
w4460ab1,refrigerator,../static/stimuli/images/house/sun_awyiuqdptibtzfuh.jpg,False,high,2,refrigerator,5131.0,correct,1580.0
w4460ab1,captive,../static/stimuli/images/computerroom/sun_akbfsjykwgllwszc.jpg,False,low,1,captive,3404.0,correct,2798.0
w4460ab1,transplant,../static/stimuli/images/kitchen/sun_aizcycyyvgfcdnzp.jpg,False,low,1,,5669.0,empty,
w4460ab1,fellow,../static/stimuli/images/garage/sun_davtjcuielbxnyza.jpg,False,low,1,wonder,3763.0,other,3313.0
w4460ab1,cue,../static/stimuli/images/pool/sun_aexdaltifheurhfa.jpg,False,low,1,cue,1479.0,correct,1293.0
w4460ab1,gravel,../static/stimuli/images/downtown/sun_bshiuzzrrjsniwbh.jpg,False,high,1,gravel,1970.0,correct,1388.0
w4460ab1,saxophone,../static/stimuli/images/grocery/sun_atlvleypygwzuszx.jpg,False,high,2,saxophone,2651.0,correct,1476.0
w4460ab1,frog,../static/stimuli/images/bookstore/sun_aibnpvhkdpdnzcnz.jpg,False,high,1,frog,1642.0,correct,1347.0
w4460ab1,apple,../static/stimuli/images/greenhouse/sun_amgolruftenzsoay.jpg,False,high,2,apple,1490.0,correct,1026.0
w4460ab1,chimney,../static/stimuli/images/river/sun_advruofhmqeyqmbx.jpg,False,high,1,chimney,2816.0,correct,1800.0
w4460ab1,keeper,../static/stimuli/images/campsite/sun_azvxwxzbkknkggng.jpg,False,low,0,keeper,6062.0,correct,2276.0
w4460ab1,elbow,../static/stimuli/images/airport/sun_aonhxkxmksvewqlr.jpg,False,high,1,elbow,2131.0,correct,1622.0
w4460ab1,permit,../static/stimuli/images/beach/sun_acbeypdvskqxwbrf.jpg,False,low,2,permit,3522.0,correct,3031.0
w4460ab1,follower,../static/stimuli/images/gym/sun_appsvbfzhwrmtrje.jpg,False,low,1,follower,3221.0,correct,1891.0
w4460ab1,flower,../static/stimuli/images/footballfield/sun_bytuhfnudnbsojli.jpg,False,high,1,flower,2471.0,correct,1313.0
wa959259,house,../static/stimuli/images/airport/sun_aqogketumcqznmzs.jpg,True,high,1,house,2528.2700000025216,correct,1874.0
wa959259,rouge,../static/stimuli/images/musuem/sun_agblrnoilxeknben.jpg,False,low,0,rouge,2417.4049999928684,correct,1578.0
wa959259,hamburger,../static/stimuli/images/river/sun_awyqyxlrmqvjlwnd.jpg,False,high,1,,,timeout,
wa959259,follower,../static/stimuli/images/campsite/sun_agjhcohmxuuaimig.jpg,False,low,0,follower,6004.5200000022305,correct,4905.0
wa959259,penguin,../static/stimuli/images/house/sun_awvfftwqwfbjqmmu.jpg,False,high,0,penguin,3604.5799999992596,correct,2704.0
wa959259,elbow,../static/stimuli/images/railway/sun_acfjiedtgqzgvtnp.jpg,False,high,1,,,timeout,
wa959259,barracuda,../static/stimuli/images/forest/sun_almbxcurjahdxery.jpg,False,high,0,,,timeout,
wa959259,traitor,../static/stimuli/images/computerroom/sun_atznfxhjiiugbvxi.jpg,False,low,0,traitor,3355.504999999539,correct,2214.0
wa959259,quill,../static/stimuli/images/greenhouse/sun_bmnxsjsqwqcaluzf.jpg,False,high,1,quill,4559.485000005225,correct,3854.0
wa959259,virus,../static/stimuli/images/gym/sun_awvqsdkrklypaaep.jpg,False,low,1,virus,2616.3850000011735,correct,1998.0
wa959259,apple,../static/stimuli/images/footballfield/sun_aszinldqqvnpmwfh.jpg,False,high,1,apple,2607.6450000036857,correct,1953.0
wa959259,patient,../static/stimuli/images/garage/sun_djtxkmtcichrbudp.jpg,False,low,1,patient,5540.3949999963515,correct,4664.0
wa959259,elephant,../static/stimuli/images/bookstore/sun_aauabdbreuzsnnrv.jpg,False,high,0,,,timeout,
wa959259,roost,../static/stimuli/images/pool/sun_argikopryamoycho.jpg,False,low,0,,,timeout,
wa959259,keeper,../static/stimuli/images/beach/sun_abkegkdifglzmevl.jpg,False,low,0,,,timeout,
wa959259,flower,../static/stimuli/images/downtown/sun_bzwgvgvsqqpbjfwc.jpg,False,high,0,flower,2387.960000000021,correct,1572.0
wa959259,grizzly,../static/stimuli/images/castle/sun_aduovtnrsmdtcpie.jpg,False,low,0,grizzly,2612.395000003744,correct,1606.0
wa959259,empire,../static/stimuli/images/kitchen/sun_asrcfjusjydonoin.jpg,False,low,0,empire,2789.8799999966286,correct,1973.0
wa959259,finger,../static/stimuli/images/grocery/sun_ajxqnbvuflmzhcig.jpg,False,high,1,,,timeout,
wa959259,vagrant,../static/stimuli/images/auditorium/sun_ahcmaddzrcfxzuuz.jpg,False,low,0,vagrant,3680.5249999961234,correct,2834.0
w0e23abc,bug,../static/stimuli/images/grocery/sun_attfybmngdqnppeu.jpg,True,high,1,bug,1372.789999935776,correct,1163.0
w0e23abc,jeans,../static/stimuli/images/greenhouse/sun_amgolruftenzsoay.jpg,False,high,1,jeans,1670.3249998390675,correct,1281.0
w0e23abc,volunteer,../static/stimuli/images/musuem/sun_alsgupdkmpsptlos.jpg,False,low,1,volunteer,2992.009999928996,correct,1129.0
w0e23abc,department,../static/stimuli/images/pool/sun_ammyodxmkwfauuzp.jpg,False,low,1,department,2487.4100000597537,correct,1136.0
w0e23abc,keeper,../static/stimuli/images/computerroom/sun_ashjjvtrfwzoxxij.jpg,False,low,1,keeper,2572.9900000151247,correct,1236.0
w0e23abc,application,../static/stimuli/images/campsite/sun_asbhlaoploqpjahx.jpg,False,low,2,application,4766.324999975041,correct,3107.0
w0e23abc,daisy,../static/stimuli/images/house/sun_afejjgypgnszvwza.jpg,False,high,1,daisy,1835.7100000139326,correct,1192.0
w0e23abc,winner,../static/stimuli/images/gym/sun_abcjjambqjxedqdv.jpg,False,low,1,winner,1720.435000024736,correct,1055.0
w0e23abc,goddess,../static/stimuli/images/auditorium/sun_amnlhuknqqtssrhl.jpg,False,low,2,goddess,2530.575000215322,correct,1612.0
w0e23abc,traitor,../static/stimuli/images/castle/sun_aoguwxhjirnhxsgn.jpg,False,low,1,traitor,1738.9499999117106,correct,1041.0
w0e23abc,tread,../static/stimuli/images/beach/sun_aacgcodmtsyjjmbx.jpg,False,low,1,tread,2881.129999877885,correct,2045.0
w0e23abc,tractor,../static/stimuli/images/downtown/sun_bzwgvgvsqqpbjfwc.jpg,False,high,2,tractor,4884.644999867305,correct,3770.0
w0e23abc,stairs,../static/stimuli/images/forest/sun_atlxncsxfmqwisuw.jpg,False,high,1,stairs,2681.8200000561774,correct,1268.0
w0e23abc,hero,../static/stimuli/images/kitchen/sun_avlgzqfdedxwbiei.jpg,False,low,2,hero,1658.335000043735,correct,1143.0
w0e23abc,bed,../static/stimuli/images/footballfield/sun_byyhmoxeyuabpnes.jpg,False,high,1,bed,1434.0850000735372,correct,1129.0
w0e23abc,stable,../static/stimuli/images/garage/sun_danujvtkymldhxqn.jpg,False,low,2,stable,2349.0949999541044,correct,1634.0
w0e23abc,apple,../static/stimuli/images/bookstore/sun_arnqlbdckkrvjqjj.jpg,False,high,2,apple,2025.649999966845,correct,1514.0
w0e23abc,horse,../static/stimuli/images/railway/sun_aqlgoveofhhmvrdh.jpg,False,high,2,horse,1979.5500000473112,correct,1263.0
w0e23abc,saxophone,../static/stimuli/images/river/sun_aiazxjumlgdcrfpn.jpg,False,high,1,saxophone,6459.060000022873,correct,5087.0
w0e23abc,tomato,../static/stimuli/images/airport/sun_ammfdrzrfvjsqahx.jpg,False,high,2,tomato,1619.7250001132488,correct,995.0
w4705b25,octopus,../static/stimuli/images/house/sun_aacohnpwcrythslq.jpg,True,high,3,octopus,4604.1300000215415,correct,2277.0
w4705b25,gravel,../static/stimuli/images/railway/sun_atutomffrubpoiva.jpg,False,high,1,gravel,2089.799999987008,correct,1197.0
w4705b25,chimney,../static/stimuli/images/downtown/sun_bctdtcqciqgupefg.jpg,False,high,1,chimney,3003.4600000071805,correct,1804.0
w4705b25,scapegoat,../static/stimuli/images/musuem/sun_ayrwspiydnlwhouo.jpg,False,low,2,scapegoat,3549.3299999798182,correct,1806.0
w4705b25,sand,../static/stimuli/images/river/sun_auvfucpnqlcaddzs.jpg,False,high,2,sand,2386.7599999939557,correct,1446.0
w4705b25,handkerchief,../static/stimuli/images/greenhouse/sun_aahkpmrwfcwqyfcf.jpg,False,high,2,,,timeout,7106.0
w4705b25,bed,../static/stimuli/images/forest/sun_atlxncsxfmqwisuw.jpg,False,high,2,bed,6564.229999989038,correct,2387.0
w4705b25,ozone,../static/stimuli/images/pool/sun_aahnsyqkaacnevsz.jpg,False,low,2,ozone,2045.219999999972,correct,1413.0
w4705b25,goddess,../static/stimuli/images/kitchen/sun_aovnyfewezfmgwke.jpg,False,low,1,goddess,2899.2900000012014,correct,1775.0
w4705b25,hero,../static/stimuli/images/castle/sun_aqdmndojwupcntcn.jpg,False,low,1,hero,2140.079999982845,correct,1801.0
w4705b25,finger,../static/stimuli/images/footballfield/sun_aszinldqqvnpmwfh.jpg,False,high,1,finger,1739.4250000070315,correct,1224.0
w4705b25,application,../static/stimuli/images/beach/sun_aaapvfgggrgorgox.jpg,False,low,1,,,timeout,
w4705b25,vagrant,../static/stimuli/images/gym/sun_arcsudfqyrphzccy.jpg,False,low,2,vagrant,3717.1700000180863,correct,2335.0
w4705b25,fellow,../static/stimuli/images/garage/sun_dswqerijtizeqkhu.jpg,False,low,1,fellow,1797.229999996489,correct,1053.0
w4705b25,apple,../static/stimuli/images/airport/sun_axyoqqhxaeocbixs.jpg,False,high,1,apple,2011.3399999972899,correct,1577.0
w4705b25,transplant,../static/stimuli/images/auditorium/sun_ahwnrxacspjqqqfm.jpg,False,low,2,transplant,4870.704999979353,correct,3157.0
w4705b25,stable,../static/stimuli/images/computerroom/sun_aiwdglrsrkkfbgzz.jpg,False,low,1,stable,3577.929999999469,correct,2738.0
w4705b25,dandelion,../static/stimuli/images/grocery/sun_acmmgshfrxgopxlk.jpg,False,high,2,dandelion,4199.28999998956,correct,1842.0
w4705b25,tart,../static/stimuli/images/campsite/sun_asbhlaoploqpjahx.jpg,False,low,1,tart,2256.3300000038,correct,1677.0
w4705b25,cactus,../static/stimuli/images/bookstore/sun_auwghripdoxzluuk.jpg,False,high,1,cactus,2848.329999978887,correct,1945.0
wc39b80e,vagrant,../static/stimuli/images/beach/sun_abkegkdifglzmevl.jpg,True,low,3,vagrancy,3916.419999965001,other,1703.0
wc39b80e,tread,../static/stimuli/images/campsite/sun_azvxwxzbkknkggng.jpg,False,low,1,tread,2714.6599999978207,correct,1614.0
wc39b80e,strawberry,../static/stimuli/images/grocery/sun_agipdkpovnqrcsgh.jpg,False,high,1,strawberry,6176.925000036135,correct,1263.0
wc39b80e,transplant,../static/stimuli/images/gym/sun_arcsudfqyrphzccy.jpg,False,low,1,transplant,4509.965000033844,correct,1965.0
wc39b80e,gravel,../static/stimuli/images/river/sun_auvfucpnqlcaddzs.jpg,False,high,1,gravel,3497.464999963995,correct,2276.0
wc39b80e,editorial,../static/stimuli/images/computerroom/sun_azkmsfiuzzekamsy.jpg,False,low,2,editorial,3458.279999962542,correct,1364.0
wc39b80e,keeper,../static/stimuli/images/auditorium/sun_amnlhuknqqtssrhl.jpg,False,low,1,keeper,3667.91000001831,correct,2565.0
wc39b80e,cauliflower,../static/stimuli/images/airport/sun_akhqgzrrubgnwzpa.jpg,False,high,1,cauliflower,4390.165000048,correct,1320.0
wc39b80e,finger,../static/stimuli/images/bookstore/sun_aamunjvxvlcyagxh.jpg,False,high,1,finger,2802.174999960698,correct,1550.0
wc39b80e,goddess,../static/stimuli/images/kitchen/sun_aizcycyyvgfcdnzp.jpg,False,low,2,goddess,3116.7700000223704,correct,1504.0
wc39b80e,atom,../static/stimuli/images/garage/sun_daivjtyepudsqerl.jpg,False,low,1,atom,3548.1649999856018,correct,1615.0
wc39b80e,carrot,../static/stimuli/images/house/sun_abcaoiwkiofeweig.jpg,False,high,1,carrot,6147.114999999758,correct,4363.0
wc39b80e,tulip,../static/stimuli/images/railway/sun_aqddawzjzkqycxjc.jpg,False,high,1,tulip,2905.4100000066683,correct,1502.0
wc39b80e,pig,../static/stimuli/images/footballfield/sun_aedcjgjztgoialpm.jpg,False,high,1,pig,1881.9900000235066,correct,1363.0
wc39b80e,goat,../static/stimuli/images/forest/sun_atohvclowaousrfh.jpg,False,high,1,goat,2303.6149999825284,correct,1604.0
wc39b80e,shoelace,../static/stimuli/images/greenhouse/sun_aahkpmrwfcwqyfcf.jpg,False,high,1,shoelace,5253.670000005513,correct,1624.0
wc39b80e,stable,../static/stimuli/images/castle/sun_apkncxxjepzqmdyk.jpg,False,low,1,,,timeout,
wc39b80e,ozone,../static/stimuli/images/musuem/sun_aqrchpiffnzkysmc.jpg,False,low,1,ozone,3317.095000005793,correct,2287.0
wc39b80e,grizzly,../static/stimuli/images/pool/sun_abmafiafisngvteo.jpg,False,low,1,grizzly,4362.059999955818,correct,2167.0
wc39b80e,banana,../static/stimuli/images/downtown/sun_bctdtcqciqgupefg.jpg,False,high,1,banana,3568.3699999935925,correct,1946.0
w5e1dfaa,consumer,../static/stimuli/images/computerroom/sun_ajcvdokgzllibdsg.jpg,True,low,2,consumer,2264.2049999994924,correct,1379.0
w5e1dfaa,stable,../static/stimuli/images/gym/sun_akecysmtkjijrbqr.jpg,False,low,1,stable,8980.710000003455,correct,3641.0
w5e1dfaa,scenery,../static/stimuli/images/castle/sun_aqdmndojwupcntcn.jpg,False,low,1,scenery,3545.045000006212,correct,1237.0
w5e1dfaa,pillow,../static/stimuli/images/river/sun_aiazxjumlgdcrfpn.jpg,False,high,1,pillow,2098.58499999973,correct,1467.0
w5e1dfaa,major,../static/stimuli/images/campsite/sun_agjhcohmxuuaimig.jpg,False,low,1,major,1647.079999995185,correct,1224.0
w5e1dfaa,saxophone,../static/stimuli/images/house/sun_awvfftwqwfbjqmmu.jpg,False,high,1,saxophone,5437.879999997676,correct,2575.0
w5e1dfaa,traitor,../static/stimuli/images/garage/sun_daivjtyepudsqerl.jpg,False,low,1,traitor,1863.5400000057416,correct,1226.0
w5e1dfaa,pig,../static/stimuli/images/downtown/sun_axbzajoxhnjergfp.jpg,False,high,1,pig,2767.3350000113714,correct,1445.0
w5e1dfaa,tiger,../static/stimuli/images/greenhouse/sun_bmzsunjewvlfjojq.jpg,False,high,1,tiger,1649.3800000025658,correct,1085.0
w5e1dfaa,tulip,../static/stimuli/images/bookstore/sun_aibnpvhkdpdnzcnz.jpg,False,high,1,tulip,4508.499999996275,correct,3361.0
w5e1dfaa,grizzly,../static/stimuli/images/auditorium/sun_amogjvmhqoxmxbyg.jpg,False,low,1,bear,1604.170000005979,other,1171.0
w5e1dfaa,strawberry,../static/stimuli/images/forest/sun_atohvclowaousrfh.jpg,False,high,1,strawberry,5876.125000009779,correct,4244.0
w5e1dfaa,vagrant,../static/stimuli/images/pool/sun_aelfhlyhvuglfcha.jpg,False,low,1,vagrant,3217.789999995148,correct,2386.0
w5e1dfaa,pitchfork,../static/stimuli/images/railway/sun_alhsawcptyqiooss.jpg,False,high,1,pitchfork,2806.7100000043865,correct,1526.0
w5e1dfaa,roost,../static/stimuli/images/beach/sun_aabhqzsffoeycgje.jpg,False,low,1,roost,3202.50000001397,correct,2796.0
w5e1dfaa,handkerchief,../static/stimuli/images/footballfield/sun_aedcjgjztgoialpm.jpg,False,high,1,hankerchief,3712.2050000034506,other,1718.0
w5e1dfaa,magazine,../static/stimuli/images/grocery/sun_akqpikmgyzrpoilg.jpg,False,high,1,magazine,2642.6700000010896,correct,1625.0
w5e1dfaa,parrot,../static/stimuli/images/airport/sun_axyoqqhxaeocbixs.jpg,False,high,1,parrot,2662.7449999941746,correct,2091.0
w5e1dfaa,application,../static/stimuli/images/kitchen/sun_aibgyrlkgcnwvhxl.jpg,False,low,1,application,5144.664999999804,correct,2589.0
w5e1dfaa,agent,../static/stimuli/images/musuem/sun_agblrnoilxeknben.jpg,False,low,1,thief,9667.494999986957,other,4470.0
w2ea05e4,seagull,../static/stimuli/images/bookstore/sun_aauabdbreuzsnnrv.jpg,True,high,2,seagull,4433.529999994789,correct,2940.0
w2ea05e4,carrot,../static/stimuli/images/railway/sun_axeddylwawkspiuo.jpg,False,high,1,carrot,2579.4350000069244,correct,1677.0
w2ea05e4,walrus,../static/stimuli/images/grocery/sun_acmmgshfrxgopxlk.jpg,False,high,1,walrus,2845.0450000091223,correct,1911.0
w2ea05e4,enemy,../static/stimuli/images/computerroom/sun_akcjvpjqukkdanyo.jpg,False,low,1,enemy,4828.6149999912595,correct,1311.0
w2ea05e4,goddess,../static/stimuli/images/auditorium/sun_alpteetxpjmjcejm.jpg,False,low,1,goddess,3044.0850000013597,correct,1599.0
w2ea05e4,daisy,../static/stimuli/images/forest/sun_almbxcurjahdxery.jpg,False,high,1,daisy,2643.6850000027334,correct,1789.0
w2ea05e4,crook,../static/stimuli/images/gym/sun_auzbqfsaebhgtrig.jpg,False,low,1,electron,8301.81000000448,intrusion,6992.0
w2ea05e4,cauliflower,../static/stimuli/images/airport/sun_aqytxlpqgdgggfum.jpg,False,high,1,cauliflower,4044.339999993099,correct,1447.0
w2ea05e4,electron,../static/stimuli/images/beach/sun_aawqdbpihmlbwyyn.jpg,False,low,0,electron,3453.829999998561,correct,1887.0
w2ea05e4,mister,../static/stimuli/images/musuem/sun_argfiirfjlkefabp.jpg,False,low,1,mister,2772.5199999986216,correct,1878.0
w2ea05e4,tread,../static/stimuli/images/garage/sun_daivjtyepudsqerl.jpg,False,low,1,,,timeout,
w2ea05e4,handkerchief,../static/stimuli/images/downtown/sun_bubeehcgngkyqymr.jpg,False,high,1,handerchief,3477.4900000047637,correct,1447.0
w2ea05e4,saxophone,../static/stimuli/images/footballfield/sun_afihcbvbdxmnexyh.jpg,False,high,1,,,timeout,
w2ea05e4,consumer,../static/stimuli/images/campsite/sun_akmknzqdbcxpznth.jpg,False,low,0,consumer,2549.425000004703,correct,1263.0
w2ea05e4,chimney,../static/stimuli/images/river/sun_auvfucpnqlcaddzs.jpg,False,high,1,,,timeout,
w2ea05e4,cactus,../static/stimuli/images/house/sun_awyiuqdptibtzfuh.jpg,False,high,1,,,timeout,
w2ea05e4,shoelace,../static/stimuli/images/greenhouse/sun_bmkhcqoxkpbmqplr.jpg,False,high,1,,,timeout,
w2ea05e4,ozone,../static/stimuli/images/pool/sun_aelfhlyhvuglfcha.jpg,False,low,1,ozone,3302.59500000102,correct,2399.0
w2ea05e4,permit,../static/stimuli/images/kitchen/sun_aovnyfewezfmgwke.jpg,False,low,1,permit,2435.3049999917857,correct,1783.0
w2ea05e4,winner,../static/stimuli/images/castle/sun_apkncxxjepzqmdyk.jpg,False,low,1,winner,1949.2250000039348,correct,975.0
w801a692,seagull,../static/stimuli/images/airport/sun_aelkzcvlquyyzxlu.jpg,True,high,1,seagull,6716.815000050701,correct,2662.0
w801a692,scapegoat,../static/stimuli/images/musuem/sun_aqrchpiffnzkysmc.jpg,False,low,1,scapegoat,3647.02999999281,correct,1863.0
w801a692,territory,../static/stimuli/images/campsite/sun_agkgjmhhyqowlmdm.jpg,False,low,1,territory,3414.199999999255,correct,1479.0
w801a692,keeper,../static/stimuli/images/auditorium/sun_ahcmaddzrcfxzuuz.jpg,False,low,1,keeper,3470.450000022538,correct,2111.0
w801a692,hero,../static/stimuli/images/castle/sun_apvtpjdfgucfbnsd.jpg,False,low,1,hero,1654.5799999730662,correct,1151.0
w801a692,scenery,../static/stimuli/images/kitchen/sun_ajmwiafzffjerzeb.jpg,False,low,1,scenery,5062.210000003688,correct,3367.0
w801a692,saxophone,../static/stimuli/images/railway/sun_asgcpxncztcqwiyz.jpg,False,high,1,saxophone,5215.474999975413,correct,2888.0
w801a692,banana,../static/stimuli/images/house/sun_admwlghhtfixlbsf.jpg,False,high,1,banana,2750.63499994576,correct,1351.0
w801a692,stranger,../static/stimuli/images/beach/sun_acbeypdvskqxwbrf.jpg,False,low,1,stranger,4598.984999931417,correct,2504.0
w801a692,critic,../static/stimuli/images/garage/sun_deomonrjnryvglit.jpg,False,low,1,critic,3038.74500002712,correct,1735.0
w801a692,society,../static/stimuli/images/gym/sun_agptlflfgabhuxym.jpg,False,low,1,society,2854.340000078082,correct,1535.0
w801a692,bug,../static/stimuli/images/forest/sun_arwykvgzpgybhibg.jpg,False,high,1,bug,2303.040000027977,correct,1703.0
w801a692,elbow,../static/stimuli/images/river/sun_amqajokwdeitilnd.jpg,False,high,1,elbow,2542.604999965988,correct,1143.0
w801a692,chimney,../static/stimuli/images/grocery/sun_akqpikmgyzrpoilg.jpg,False,high,1,chimney,3342.7799999481067,correct,1871.0
w801a692,sand,../static/stimuli/images/greenhouse/sun_bmkhcqoxkpbmqplr.jpg,False,high,1,sand,1694.7100000688806,correct,1184.0
w801a692,department,../static/stimuli/images/pool/sun_aahnsyqkaacnevsz.jpg,False,low,0,department,3126.384999952279,correct,1606.0
w801a692,house,../static/stimuli/images/footballfield/sun_afuzusgbewygvixv.jpg,False,high,1,house,2607.149999937974,correct,1799.0
w801a692,ear,../static/stimuli/images/downtown/sun_bubeehcgngkyqymr.jpg,False,high,1,ear,1886.2850000150502,correct,1255.0
w801a692,well,../static/stimuli/images/computerroom/sun_akcjvpjqukkdanyo.jpg,False,low,1,well,1990.8800000557676,correct,1399.0
w801a692,barracuda,../static/stimuli/images/bookstore/sun_afhaekubmjvpmvre.jpg,False,high,1,barracuda,3342.0500000938773,correct,1199.0
wde8ca44,donor,../static/stimuli/images/castle/sun_aieefrkagxyksfuj.jpg,True,low,1,,,timeout,
wde8ca44,well,../static/stimuli/images/musuem/sun_axbkhklgdaevqxyj.jpg,False,low,0,?,8345.754999994824,other,8346.0
wde8ca44,fellow,../static/stimuli/images/pool/sun_abmafiafisngvteo.jpg,False,low,0,fellow,3456.480000000738,correct,2730.0
wde8ca44,daisy,../static/stimuli/images/downtown/sun_acbmuljpyqdcboxt.jpg,False,high,1,na,3816.915000003064,other,3632.0
wde8ca44,banana,../static/stimuli/images/river/sun_abktmmreusnujejq.jpg,False,high,0,banana,3149.600000004284,correct,1340.0
wde8ca44,barracuda,../static/stimuli/images/airport/sun_aelkzcvlquyyzxlu.jpg,False,high,1,na,3262.1149999977206,other,3181.0
wde8ca44,baby,../static/stimuli/images/railway/sun_axeddylwawkspiuo.jpg,False,high,0,na,2067.5699999992503,other,1974.0
wde8ca44,enemy,../static/stimuli/images/auditorium/sun_almcaxysfdwizxac.jpg,False,low,0,,,timeout,
wde8ca44,pig,../static/stimuli/images/grocery/sun_attfybmngdqnppeu.jpg,False,high,0,n,3628.0400000032387,other,3629.0
wde8ca44,vagrant,../static/stimuli/images/campsite/sun_agkgjmhhyqowlmdm.jpg,False,low,1,vagrant,3917.154999995546,correct,1860.0
wde8ca44,ghost,../static/stimuli/images/kitchen/sun_aibgyrlkgcnwvhxl.jpg,False,low,1,na,6362.634999997681,other,2268.0
wde8ca44,suburb,../static/stimuli/images/beach/sun_aatjakozddkxujut.jpg,False,low,1,suburb,4077.225000000908,correct,1837.0
wde8ca44,editorial,../static/stimuli/images/garage/sun_dswqerijtizeqkhu.jpg,False,low,0,editorial,4372.745000000577,correct,2883.0
wde8ca44,handkerchief,../static/stimuli/images/forest/sun_aoqjnzwgdikwayvw.jpg,False,high,0,na,2389.7649999998976,other,2224.0
wde8ca44,octopus,../static/stimuli/images/house/sun_awvfftwqwfbjqmmu.jpg,False,high,0,octopus,7586.445000000822,correct,2855.0
wde8ca44,atom,../static/stimuli/images/gym/sun_auzbqfsaebhgtrig.jpg,False,low,0,atom,2056.5050000004703,correct,1561.0
wde8ca44,cue,../static/stimuli/images/computerroom/sun_ashjjvtrfwzoxxij.jpg,False,low,0,cue,6534.014999997453,correct,6300.0
wde8ca44,eagle,../static/stimuli/images/bookstore/sun_azkcgugtqfaunxwq.jpg,False,high,0,na,4572.664999999688,other,4463.0
wde8ca44,goat,../static/stimuli/images/greenhouse/sun_bncgstrupskxwget.jpg,False,high,1,na,3380.799999998999,other,3241.0
wde8ca44,antelope,../static/stimuli/images/footballfield/sun_byyhmoxeyuabpnes.jpg,False,high,0,na,3287.2950000019046,other,3197.0
wd8d1a5f,ear,../static/stimuli/images/grocery/sun_agipdkpovnqrcsgh.jpg,True,high,3,ear,3248.0,correct,2707.0
wd8d1a5f,carrot,../static/stimuli/images/footballfield/sun_bxvamckmwplxbzxz.jpg,False,high,1,ozone,3692.0,intrusion,2748.0
wd8d1a5f,neck,../static/stimuli/images/airport/sun_axuntpkgfijknxde.jpg,False,high,2,vechicle,5627.0,other,3751.0
wd8d1a5f,lover,../static/stimuli/images/castle/sun_aduovtnrsmdtcpie.jpg,False,low,2,feet,4794.0,other,3990.0
wd8d1a5f,pizza,../static/stimuli/images/downtown/sun_bctdtcqciqgupefg.jpg,False,high,2,climate,3917.0,other,2953.0
wd8d1a5f,cue,../static/stimuli/images/auditorium/sun_amogjvmhqoxmxbyg.jpg,False,low,2,ozone,5249.0,intrusion,4553.0
wd8d1a5f,cauliflower,../static/stimuli/images/house/sun_aangbuylfvckqqoo.jpg,False,high,2,back,6856.0,other,5430.0
wd8d1a5f,donor,../static/stimuli/images/computerroom/sun_atznfxhjiiugbvxi.jpg,False,low,2,ear,2931.000000000058,intrusion,2039.0
wd8d1a5f,refrigerator,../static/stimuli/images/forest/sun_augxrcssyuvvueda.jpg,False,high,2,vehicle,4583.0,other,3314.0
wd8d1a5f,stairs,../static/stimuli/images/greenhouse/sun_bmkhcqoxkpbmqplr.jpg,False,high,1,ozone,2535.0,intrusion,1702.0
wd8d1a5f,hero,../static/stimuli/images/kitchen/sun_alazdvaixpjtegwg.jpg,False,low,2,feet,5602.0,other,5103.0
wd8d1a5f,virus,../static/stimuli/images/beach/sun_aabhqzsffoeycgje.jpg,False,low,2,gaah! i can't remember!,7748.000000000058,other,4699.0
wd8d1a5f,ozone,../static/stimuli/images/musuem/sun_atiiscmhrcnttlop.jpg,False,low,2,ozone,2383.0,correct,1248.0
wd8d1a5f,villain,../static/stimuli/images/gym/sun_awvqsdkrklypaaep.jpg,False,low,2,car,4433.000000000058,other,4133.0
wd8d1a5f,saxophone,../static/stimuli/images/river/sun_advruofhmqeyqmbx.jpg,False,high,2,vehicle,3624.000000000058,other,2737.0
wd8d1a5f,rebel,../static/stimuli/images/pool/sun_antxeexzhaspkvlj.jpg,False,low,2,crap i can't remember.,6078.000000000058,other,3118.0
wd8d1a5f,tractor,../static/stimuli/images/bookstore/sun_aalyndhausktwxbc.jpg,False,high,2,car,2938.0,other,2558.0
wd8d1a5f,seagull,../static/stimuli/images/railway/sun_aqlgoveofhhmvrdh.jpg,False,high,1,train,3618.0,other,3008.0
wd8d1a5f,major,../static/stimuli/images/campsite/sun_aommnycdukjoaebq.jpg,False,low,2,gah my mind went blank.,5979.999999999942,other,2246.0
wd8d1a5f,atom,../static/stimuli/images/garage/sun_davtjcuielbxnyza.jpg,False,low,2,i'm a failure.,5286.0,other,3179.0
w168a8bd,frog,../static/stimuli/images/house/sun_azzyyehcunxuhihg.jpg,True,high,1,frog,4373.169999998936,correct,2091.0
w168a8bd,penguin,../static/stimuli/images/greenhouse/sun_apjhtwdcpezmnlze.jpg,False,high,0,,3830.390000002808,empty,
w168a8bd,sand,../static/stimuli/images/footballfield/sun_aadxnjugrvhqyufw.jpg,False,high,0,sand,4268.544999998994,correct,2313.0
w168a8bd,hamburger,../static/stimuli/images/grocery/sun_attfybmngdqnppeu.jpg,False,high,0,hamburger,5917.220000002999,correct,2258.0
w168a8bd,enemy,../static/stimuli/images/gym/sun_auzbqfsaebhgtrig.jpg,False,low,0,bullyu,5269.834999999148,other,3885.0
w168a8bd,rouge,../static/stimuli/images/garage/sun_deomonrjnryvglit.jpg,False,low,0,rogue,6723.124999996799,other,4057.0
w168a8bd,grizzly,../static/stimuli/images/campsite/sun_agjhcohmxuuaimig.jpg,False,low,0,bear,3277.925000002142,other,2095.0
w168a8bd,elephant,../static/stimuli/images/river/sun_abktmmreusnujejq.jpg,False,high,0,,2301.9249999997555,empty,
w168a8bd,gravel,../static/stimuli/images/railway/sun_axeddylwawkspiuo.jpg,False,high,0,gravel,4715.124999995169,correct,2559.0
w168a8bd,hero,../static/stimuli/images/musuem/sun_axbkhklgdaevqxyj.jpg,False,low,0,hero,3143.5050000000047,correct,2101.0
w168a8bd,crook,../static/stimuli/images/auditorium/sun_amnlhuknqqtssrhl.jpg,False,low,0,,1415.4600000038045,empty,
w168a8bd,bed,../static/stimuli/images/bookstore/sun_afhaekubmjvpmvre.jpg,False,high,0,bed,3551.919999998063,correct,2576.0
w168a8bd,bug,../static/stimuli/images/downtown/sun_axbzajoxhnjergfp.jpg,False,high,0,flower,7405.344999999215,intrusion,5874.0
w168a8bd,flower,../static/stimuli/images/forest/sun_atlxncsxfmqwisuw.jpg,False,high,0,flower,3311.61499999871,correct,2049.0
w168a8bd,cue,../static/stimuli/images/pool/sun_amnkmeojepioccty.jpg,False,low,0,rogue,7600.809999996272,other,6503.0
w168a8bd,territory,../static/stimuli/images/castle/sun_aieefrkagxyksfuj.jpg,False,low,0,,1715.88999999949,empty,
w168a8bd,department,../static/stimuli/images/kitchen/sun_ajmwiafzffjerzeb.jpg,False,low,0,,7808.765000001586,empty,
w168a8bd,ear,../static/stimuli/images/airport/sun_aojbxgadgjyajeaw.jpg,False,high,0,,4774.649999999383,empty,
w168a8bd,volunteer,../static/stimuli/images/beach/sun_abylvpgvhrpaxgnk.jpg,False,low,0,,2560.4499999972177,empty,
w168a8bd,major,../static/stimuli/images/computerroom/sun_ajcvdokgzllibdsg.jpg,False,low,0,major,3979.489999997895,correct,2601.0
wfa7bc7f,ozone,../static/stimuli/images/garage/sun_dmxrwdsmpakdmytc.jpg,True,low,2,ozone,4618.609999999986,correct,3440.0
wfa7bc7f,rouge,../static/stimuli/images/campsite/sun_azvxwxzbkknkggng.jpg,False,low,1,,,timeout,
wfa7bc7f,pillow,../static/stimuli/images/bookstore/sun_avsybhiblxqxcayh.jpg,False,high,1,,8026.664999999979,empty,
wfa7bc7f,baby,../static/stimuli/images/forest/sun_augxrcssyuvvueda.jpg,False,high,1,camp,6122.939999999944,other,5002.0
wfa7bc7f,saxophone,../static/stimuli/images/footballfield/sun_aedcjgjztgoialpm.jpg,False,high,1,music,4921.889999999956,other,3926.0
wfa7bc7f,lover,../static/stimuli/images/castle/sun_aieefrkagxyksfuj.jpg,False,low,1,house,4502.980000000098,intrusion,3367.0
wfa7bc7f,cactus,../static/stimuli/images/airport/sun_akhqgzrrubgnwzpa.jpg,False,high,1,,4512.8299999999,empty,
wfa7bc7f,mister,../static/stimuli/images/pool/sun_alkvkavnnunmdavq.jpg,False,low,1,mice,7451.459999999963,other,6843.0
wfa7bc7f,finger,../static/stimuli/images/river/sun_aztombwyhubhaynq.jpg,False,high,1,camp,6667.59500000003,other,5852.0
wfa7bc7f,flower,../static/stimuli/images/grocery/sun_agipdkpovnqrcsgh.jpg,False,high,1,party,6350.994999999995,other,5478.0
wfa7bc7f,goddess,../static/stimuli/images/gym/sun_akhyzejtqpynaepu.jpg,False,low,1,gym,3213.7050000000163,other,2667.0
wfa7bc7f,tractor,../static/stimuli/images/downtown/sun_axbzajoxhnjergfp.jpg,False,high,1,city,2617.3099999999395,other,2069.0
wfa7bc7f,vagrant,../static/stimuli/images/kitchen/sun_aizcycyyvgfcdnzp.jpg,False,low,1,vagrant,7798.224999999977,correct,6508.0
wfa7bc7f,society,../static/stimuli/images/beach/sun_aafwmyqvqgtvdkce.jpg,False,low,1,special,7997.475000000035,other,6755.0
wfa7bc7f,application,../static/stimuli/images/computerroom/sun_akbfsjykwgllwszc.jpg,False,low,1,office,3596.0199999999604,other,2666.0
wfa7bc7f,parrot,../static/stimuli/images/house/sun_afejjgypgnszvwza.jpg,False,high,1,house,6130.854999999981,intrusion,5205.0
wfa7bc7f,major,../static/stimuli/images/auditorium/sun_ahwuhefoqkvitxnk.jpg,False,low,1,colleg,3932.649999999965,other,2633.0
wfa7bc7f,personnel,../static/stimuli/images/musuem/sun_alsgupdkmpsptlos.jpg,False,low,1,statue,5033.589999999967,other,3911.0
wfa7bc7f,quill,../static/stimuli/images/greenhouse/sun_apjhtwdcpezmnlze.jpg,False,high,1,buildibng,3700.490000000049,other,2029.0
wfa7bc7f,carrot,../static/stimuli/images/railway/sun_aqlgoveofhhmvrdh.jpg,False,high,1,carrot,4090.689999999944,correct,2647.0
web0b2e4,cauliflower,../static/stimuli/images/grocery/sun_atlvleypygwzuszx.jpg,True,high,3,cauliflower,3970.0400000438094,correct,2256.0
web0b2e4,cookie,../static/stimuli/images/railway/sun_aqlgoveofhhmvrdh.jpg,False,high,1,keeper,3517.2700001858175,intrusion,2353.0
web0b2e4,villain,../static/stimuli/images/castle/sun_apvtpjdfgucfbnsd.jpg,False,low,2,keeper,5526.659999974072,intrusion,4974.0
web0b2e4,application,../static/stimuli/images/computerroom/sun_aagspgyvjmoiytfb.jpg,False,low,1,application,4168.159999884665,correct,2194.0
web0b2e4,idol,../static/stimuli/images/musuem/sun_aqrchpiffnzkysmc.jpg,False,low,2,keeper,4833.795000100508,intrusion,4262.0
web0b2e4,goddess,../static/stimuli/images/pool/sun_alkvkavnnunmdavq.jpg,False,low,2,goddess,2313.615000108257,correct,1408.0
web0b2e4,saxophone,../static/stimuli/images/forest/sun_aoqjnzwgdikwayvw.jpg,False,high,1,keeper,3600.139999995008,intrusion,3049.0
web0b2e4,lover,../static/stimuli/images/garage/sun_danujvtkymldhxqn.jpg,False,low,2,keeper,2713.474999880418,intrusion,2136.0
web0b2e4,magazine,../static/stimuli/images/footballfield/sun_afuzusgbewygvixv.jpg,False,high,1,keeper,5447.854999918491,intrusion,4896.0
web0b2e4,octopus,../static/stimuli/images/downtown/sun_bshiuzzrrjsniwbh.jpg,False,high,2,octopus,3522.815000033006,correct,2044.0
web0b2e4,baby,../static/stimuli/images/airport/sun_akhqgzrrubgnwzpa.jpg,False,high,1,baby,3099.110000068322,correct,2571.0
web0b2e4,keeper,../static/stimuli/images/campsite/sun_azvxwxzbkknkggng.jpg,False,low,2,keeper,1824.365000007674,correct,1254.0
web0b2e4,suburb,../static/stimuli/images/auditorium/sun_amogjvmhqoxmxbyg.jpg,False,low,1,suburb,4092.47999987565,correct,2630.0
web0b2e4,tulip,../static/stimuli/images/bookstore/sun_arnqlbdckkrvjqjj.jpg,False,high,1,tulip,6936.149999964982,correct,6074.0
web0b2e4,captive,../static/stimuli/images/kitchen/sun_avlgzqfdedxwbiei.jpg,False,low,2,captve,3056.8899998907,correct,2179.0
web0b2e4,vagrant,../static/stimuli/images/beach/sun_aacgcodmtsyjjmbx.jpg,False,low,1,,7314.555000048131,empty,
web0b2e4,tread,../static/stimuli/images/gym/sun_akhyzejtqpynaepu.jpg,False,low,1,tread,3370.395000092685,correct,2798.0
web0b2e4,walrus,../static/stimuli/images/house/sun_awyiuqdptibtzfuh.jpg,False,high,1,,3626.7850000876933,empty,
web0b2e4,pizza,../static/stimuli/images/greenhouse/sun_bmnxsjsqwqcaluzf.jpg,False,high,1,pizza,2625.779999885708,correct,2046.0
web0b2e4,pitchfork,../static/stimuli/images/river/sun_atesawsfypjpyefy.jpg,False,high,2,,5316.235000034794,empty,
wf699d9c,goat,../static/stimuli/images/footballfield/sun_aegayohtofbvbdoa.jpg,True,high,2,waffle,5474.894999992102,other,4232.0
wf699d9c,octopus,../static/stimuli/images/forest/sun_anfpmkqemzwfixbm.jpg,False,high,1,court,3569.8249998968095,other,2977.0
wf699d9c,rebel,../static/stimuli/images/garage/sun_davtjcuielbxnyza.jpg,False,low,1,raffle,6454.420000081882,other,5638.0
wf699d9c,donor,../static/stimuli/images/computerroom/sun_ashjjvtrfwzoxxij.jpg,False,low,1,school,3600.9700000286102,other,2609.0
wf699d9c,tractor,../static/stimuli/images/river/sun_auvfucpnqlcaddzs.jpg,False,high,1,,,timeout,
wf699d9c,crook,../static/stimuli/images/gym/sun_auzbqfsaebhgtrig.jpg,False,low,1,school,3657.324999803677,other,2687.0
wf699d9c,walrus,../static/stimuli/images/downtown/sun_abosdjemftsczdvd.jpg,False,high,1,wait,5111.130000092089,other,4573.0
wf699d9c,strawberry,../static/stimuli/images/grocery/sun_acmmgshfrxgopxlk.jpg,False,high,1,water,5375.0050000380725,other,4589.0
wf699d9c,parrot,../static/stimuli/images/airport/sun_axuntpkgfijknxde.jpg,False,high,1,airport,3161.145000020042,other,2271.0
wf699d9c,community,../static/stimuli/images/castle/sun_alevmcaohaqqwlic.jpg,False,low,1,weather,3759.9049999844283,other,3032.0
wf699d9c,gravel,../static/stimuli/images/railway/sun_aprfapnfngmvbixm.jpg,False,high,1,earth,5240.754999918863,other,4634.0
wf699d9c,goddess,../static/stimuli/images/auditorium/sun_akzbbqivzbpbnjbz.jpg,False,low,1,global,3870.159999933094,other,3031.0
wf699d9c,territory,../static/stimuli/images/campsite/sun_arwteuvpegqctvcg.jpg,False,low,1,weather,3985.865000169724,other,3186.0
wf699d9c,stairs,../static/stimuli/images/bookstore/sun_afhaekubmjvpmvre.jpg,False,high,0,education,8285.524999955669,other,7283.0
wf699d9c,dandelion,../static/stimuli/images/greenhouse/sun_bmkhcqoxkpbmqplr.jpg,False,high,1,weather,5329.47999984026,other,4573.0
wf699d9c,rouge,../static/stimuli/images/beach/sun_abkegkdifglzmevl.jpg,False,low,1,camping,3200.3399999812245,other,2324.0
wf699d9c,ghost,../static/stimuli/images/kitchen/sun_akzumputqvdvtqbq.jpg,False,low,0,household,3133.625000016764,other,2186.0
wf699d9c,society,../static/stimuli/images/pool/sun_antxeexzhaspkvlj.jpg,False,low,1,pool,3132.13500007987,other,2487.0
wf699d9c,vagrant,../static/stimuli/images/musuem/sun_axbkhklgdaevqxyj.jpg,False,low,1,museum,4444.184999912977,other,3590.0
wf699d9c,banana,../static/stimuli/images/house/sun_admwlghhtfixlbsf.jpg,False,high,1,global,3941.9299999717623,other,3169.0
w900f4da,cauliflower,../static/stimuli/images/footballfield/sun_aszinldqqvnpmwfh.jpg,True,high,1,cau;iflower,7217.594999994617,correct,2248.0
w900f4da,well,../static/stimuli/images/pool/sun_abmafiafisngvteo.jpg,False,low,1,well,3522.7799999993294,correct,2018.0
w900f4da,follower,../static/stimuli/images/kitchen/sun_aibgyrlkgcnwvhxl.jpg,False,low,1,follower,3498.044999956619,correct,1517.0
w900f4da,cue,../static/stimuli/images/computerroom/sun_ashjjvtrfwzoxxij.jpg,False,low,0,cue,2411.5400000009686,correct,1643.0
w900f4da,personnel,../static/stimuli/images/garage/sun_daivjtyepudsqerl.jpg,False,low,0,personel,5160.135000012815,other,1631.0
w900f4da,pillow,../static/stimuli/images/airport/sun_aqytxlpqgdgggfum.jpg,False,high,1,pillow,3668.2199999922886,correct,2291.0
w900f4da,antelope,../static/stimuli/images/downtown/sun_bctdtcqciqgupefg.jpg,False,high,1,,,timeout,
w900f4da,winner,../static/stimuli/images/musuem/sun_agblrnoilxeknben.jpg,False,low,1,winner,6199.619999970309,correct,2631.0
w900f4da,cookie,../static/stimuli/images/bookstore/sun_azkcgugtqfaunxwq.jpg,False,high,0,cookies,5233.004999987315,other,1528.0
w900f4da,jeans,../static/stimuli/images/railway/sun_aqlgoveofhhmvrdh.jpg,False,high,1,jeans,3650.759999989532,correct,1750.0
w900f4da,transplant,../static/stimuli/images/gym/sun_abcjjambqjxedqdv.jpg,False,low,0,transplant,5950.470000039786,correct,2039.0
w900f4da,octopus,../static/stimuli/images/grocery/sun_ajxqnbvuflmzhcig.jpg,False,high,1,octopus,4489.445000013802,correct,2320.0
w900f4da,vagrant,../static/stimuli/images/campsite/sun_aommnycdukjoaebq.jpg,False,low,1,vagrant,4746.594999975059,correct,2277.0
w900f4da,strawberry,../static/stimuli/images/river/sun_aahjsajmsehqtuox.jpg,False,high,1,strawberries,6819.54500003485,correct,1969.0
w900f4da,stable,../static/stimuli/images/castle/sun_alevmcaohaqqwlic.jpg,False,low,1,stable,6469.559999997728,correct,4331.0
w900f4da,rouge,../static/stimuli/images/auditorium/sun_amnlhuknqqtssrhl.jpg,False,low,1,rouge,4736.909999977797,correct,3147.0
w900f4da,pizza,../static/stimuli/images/greenhouse/sun_amgolruftenzsoay.jpg,False,high,1,pizza,5008.849999983795,correct,3630.0
w900f4da,gravel,../static/stimuli/images/house/sun_afejjgypgnszvwza.jpg,False,high,1,gravel,6591.645000036806,correct,2308.0
w900f4da,virus,../static/stimuli/images/beach/sun_aawqdbpihmlbwyyn.jpg,False,low,1,virus,3856.785000010859,correct,1929.0
w900f4da,penguin,../static/stimuli/images/forest/sun_almbxcurjahdxery.jpg,False,high,0,penguin,5267.330000002403,correct,1638.0
w1f6c018,vagrant,../static/stimuli/images/auditorium/sun_alpteetxpjmjcejm.jpg,True,low,2,vantage,2587.549999996554,other,1914.0
w1f6c018,carrot,../static/stimuli/images/river/sun_aztombwyhubhaynq.jpg,False,high,3,carrot,2107.93499997817,correct,1150.0
w1f6c018,scapegoat,../static/stimuli/images/musuem/sun_aspbwvercyqvrrkn.jpg,False,low,3,scapegoat,2956.5200000070035,correct,1265.0
w1f6c018,elephant,../static/stimuli/images/downtown/sun_bzwgvgvsqqpbjfwc.jpg,False,high,2,elephant,2048.069999960717,correct,915.0
w1f6c018,seagull,../static/stimuli/images/greenhouse/sun_bncgstrupskxwget.jpg,False,high,3,seagull,2342.735000012908,correct,1158.0
w1f6c018,parrot,../static/stimuli/images/house/sun_aahrslvfecptaudk.jpg,False,high,4,parrot,1782.9950000159442,correct,1110.0
w1f6c018,pitchfork,../static/stimuli/images/footballfield/sun_aadxnjugrvhqyufw.jpg,False,high,4,pitchfork,2579.864999977872,correct,1204.0
w1f6c018,scenery,../static/stimuli/images/castle/sun_apbjjqvsvrybtdua.jpg,False,low,2,scenery,2848.9149999804795,correct,1286.0
w1f6c018,crook,../static/stimuli/images/campsite/sun_arwteuvpegqctvcg.jpg,False,low,4,crook,1765.9199999761768,correct,1287.0
w1f6c018,daisy,../static/stimuli/images/airport/sun_axuntpkgfijknxde.jpg,False,high,5,daisy,1979.430000006687,correct,1263.0
w1f6c018,idol,../static/stimuli/images/pool/sun_aahnsyqkaacnevsz.jpg,False,low,3,idol,1855.4949999670498,correct,1071.0
w1f6c018,electron,../static/stimuli/images/computerroom/sun_aagspgyvjmoiytfb.jpg,False,low,5,electron,2292.249999998603,correct,1343.0
w1f6c018,pig,../static/stimuli/images/forest/sun_akxbwsrgnuadikod.jpg,False,high,4,pig,1099.800000025425,correct,896.0
w1f6c018,mister,../static/stimuli/images/garage/sun_daivjtyepudsqerl.jpg,False,low,3,mister,3048.300000024028,correct,1236.0
w1f6c018,baby,../static/stimuli/images/railway/sun_atutomffrubpoiva.jpg,False,high,3,baby,2227.9100000159815,correct,1639.0
w1f6c018,editorial,../static/stimuli/images/gym/sun_auzbqfsaebhgtrig.jpg,False,low,3,editorial,5286.48999996949,correct,3795.0
w1f6c018,banana,../static/stimuli/images/grocery/sun_atlvleypygwzuszx.jpg,False,high,4,banana,2395.6949999555945,correct,1289.0
w1f6c018,cue,../static/stimuli/images/kitchen/sun_aizcycyyvgfcdnzp.jpg,False,low,2,cue,1447.0849999925122,correct,1040.0
w1f6c018,sand,../static/stimuli/images/bookstore/sun_afhaekubmjvpmvre.jpg,False,high,2,sand,1468.8099999912083,correct,1099.0
w1f6c018,keeper,../static/stimuli/images/beach/sun_aabhqzsffoeycgje.jpg,False,low,2,keeper,3180.5099999764934,correct,2496.0
wf1da202,banana,../static/stimuli/images/forest/sun_atohvclowaousrfh.jpg,True,high,2,,,timeout,6289.0
wf1da202,octopus,../static/stimuli/images/house/sun_aacohnpwcrythslq.jpg,False,high,1,,,timeout,8245.0
wf1da202,vagrant,../static/stimuli/images/computerroom/sun_azkmsfiuzzekamsy.jpg,False,low,1,,,timeout,8391.0
wf1da202,hero,../static/stimuli/images/castle/sun_aduovtnrsmdtcpie.jpg,False,low,2,,,timeout,2195.0
wf1da202,consumer,../static/stimuli/images/garage/sun_dfvgejtxiljzbywb.jpg,False,low,0,consumer,5049.900000000023,correct,3909.0
wf1da202,application,../static/stimuli/images/kitchen/sun_asrcfjusjydonoin.jpg,False,low,1,solicitud,8759.829999999958,other,5767.0
wf1da202,horse,../static/stimuli/images/railway/sun_aqddawzjzkqycxjc.jpg,False,high,1,horse,4226.014999999781,correct,3039.0
wf1da202,mister,../static/stimuli/images/auditorium/sun_ahcmaddzrcfxzuuz.jpg,False,low,0,men,8055.749999999942,other,6547.0
wf1da202,grizzly,../static/stimuli/images/beach/sun_aaapvfgggrgorgox.jpg,False,low,2,,,timeout,6178.0
wf1da202,walrus,../static/stimuli/images/grocery/sun_ajxqnbvuflmzhcig.jpg,False,high,1,walrus,6601.174999999814,correct,5499.0
wf1da202,cue,../static/stimuli/images/musuem/sun_ayrwspiydnlwhouo.jpg,False,low,1,sign,6619.884999999602,other,1913.0
wf1da202,sand,../static/stimuli/images/greenhouse/sun_bxiwqwbzndahlxxp.jpg,False,high,0,sand,3722.919999999751,correct,2211.0
wf1da202,pig,../static/stimuli/images/river/sun_atesawsfypjpyefy.jpg,False,high,1,pig,3558.4349999999395,correct,2813.0
wf1da202,dandelion,../static/stimuli/images/footballfield/sun_aedcjgjztgoialpm.jpg,False,high,1,,,timeout,
wf1da202,enemy,../static/stimuli/images/gym/sun_abcjjambqjxedqdv.jpg,False,low,2,enemy,4743.02499999979,correct,2851.0
wf1da202,elbow,../static/stimuli/images/bookstore/sun_aamunjvxvlcyagxh.jpg,False,high,2,elbow,5937.504999999888,correct,3834.0
wf1da202,virus,../static/stimuli/images/campsite/sun_ahvodfpzghaczear.jpg,False,low,2,virus,3628.4799999997485,correct,2462.0
wf1da202,stairs,../static/stimuli/images/airport/sun_aqytxlpqgdgggfum.jpg,False,high,1,stairs,7143.625000000233,correct,2583.0
wf1da202,strawberry,../static/stimuli/images/downtown/sun_abosdjemftsczdvd.jpg,False,high,2,strawberry,9564.455000000191,correct,3478.0
wf1da202,captive,../static/stimuli/images/pool/sun_abmafiafisngvteo.jpg,False,low,1,,,timeout,
w2421cb2,horse,../static/stimuli/images/river/sun_aiazxjumlgdcrfpn.jpg,True,high,4,horse,3310.3750000009313,correct,2074.0
w2421cb2,keeper,../static/stimuli/images/pool/sun_aexdaltifheurhfa.jpg,False,low,2,keeper,5540.640000021085,correct,4711.0
w2421cb2,tomato,../static/stimuli/images/footballfield/sun_byyhmoxeyuabpnes.jpg,False,high,2,tomato,2963.9400000451133,correct,1926.0
w2421cb2,baby,../static/stimuli/images/house/sun_admwlghhtfixlbsf.jpg,False,high,1,baby,2078.6150000058115,correct,1518.0
w2421cb2,frog,../static/stimuli/images/grocery/sun_atlvleypygwzuszx.jpg,False,high,1,frog,1677.060000016354,correct,1166.0
w2421cb2,enemy,../static/stimuli/images/kitchen/sun_avlgzqfdedxwbiei.jpg,False,low,1,enemy,2430.5949999252334,correct,1463.0
w2421cb2,barracuda,../static/stimuli/images/forest/sun_arwykvgzpgybhibg.jpg,False,high,2,barracuda,3564.8650000803173,correct,1942.0
w2421cb2,volunteer,../static/stimuli/images/castle/sun_aieefrkagxyksfuj.jpg,False,low,1,,,timeout,
w2421cb2,pitchfork,../static/stimuli/images/bookstore/sun_arnqlbdckkrvjqjj.jpg,False,high,1,pitchfork,3603.484999970533,correct,1933.0
w2421cb2,virus,../static/stimuli/images/gym/sun_awstzxompuovdfck.jpg,False,low,1,virus,2461.6199999582022,correct,1654.0
w2421cb2,neck,../static/stimuli/images/greenhouse/sun_bmzsunjewvlfjojq.jpg,False,high,2,neck,1739.6149999694899,correct,1173.0
w2421cb2,rouge,../static/stimuli/images/beach/sun_abrqamdurwzygcjy.jpg,False,low,2,rouge,2620.234999922104,correct,1574.0
w2421cb2,bug,../static/stimuli/images/downtown/sun_bzwgvgvsqqpbjfwc.jpg,False,high,3,bug,1667.4999999813735,correct,1166.0
w2421cb2,villain,../static/stimuli/images/musuem/sun_axbkhklgdaevqxyj.jpg,False,low,1,,,timeout,
w2421cb2,transplant,../static/stimuli/images/auditorium/sun_aiheutdgogkujwri.jpg,False,low,2,transplant,2803.8899999810383,correct,1206.0
w2421cb2,stable,../static/stimuli/images/campsite/sun_arwteuvpegqctvcg.jpg,False,low,1,square,9445.169999962673,other,8918.0
w2421cb2,cookie,../static/stimuli/images/railway/sun_aqlgoveofhhmvrdh.jpg,False,high,2,cookie,3060.78499997966,correct,1702.0
w2421cb2,cue,../static/stimuli/images/garage/sun_daivjtyepudsqerl.jpg,False,low,2,cue,6042.479999945499,correct,5596.0
w2421cb2,scenery,../static/stimuli/images/computerroom/sun_azkmsfiuzzekamsy.jpg,False,low,2,scenery,3005.750000011176,correct,1920.0
w2421cb2,elbow,../static/stimuli/images/airport/sun_aajqjnzswlmdcmyl.jpg,False,high,1,elbow,2693.2749999687076,correct,1630.0
wf4b8a46,crook,../static/stimuli/images/beach/sun_aatjakozddkxujut.jpg,True,low,1,crook,3110.2350000001024,correct,1927.0
wf4b8a46,tractor,../static/stimuli/images/river/sun_advruofhmqeyqmbx.jpg,False,high,0,tractor,3703.0500000109896,correct,1799.0
wf4b8a46,pitchfork,../static/stimuli/images/bookstore/sun_azkcgugtqfaunxwq.jpg,False,high,0,pitchfork,4255.055000016,correct,1848.0
wf4b8a46,atom,../static/stimuli/images/computerroom/sun_aagspgyvjmoiytfb.jpg,False,low,0,atom,2837.1250000200234,correct,1245.0
wf4b8a46,parrot,../static/stimuli/images/downtown/sun_ahtmvwmmrlbrfchd.jpg,False,high,0,parrot,2398.844999988796,correct,1351.0
wf4b8a46,shoelace,../static/stimuli/images/house/sun_afejjgypgnszvwza.jpg,False,high,0,shoelace,4190.100000007078,correct,1646.0
wf4b8a46,ghost,../static/stimuli/images/musuem/sun_asxfpkysdohbethd.jpg,False,low,0,ghost,3446.779999998398,correct,1791.0
wf4b8a46,editorial,../static/stimuli/images/kitchen/sun_asrcfjusjydonoin.jpg,False,low,0,editorial,3710.3099999949336,correct,1638.0
wf4b8a46,jeans,../static/stimuli/images/greenhouse/sun_aahkpmrwfcwqyfcf.jpg,False,high,0,jeans,2613.779999985127,correct,1414.0
wf4b8a46,gravel,../static/stimuli/images/forest/sun_augxrcssyuvvueda.jpg,False,high,0,gravel,3198.9400000020396,correct,1351.0
wf4b8a46,stranger,../static/stimuli/images/garage/sun_deomonrjnryvglit.jpg,False,low,0,stranger,7735.744999983581,correct,4920.0
wf4b8a46,strawberry,../static/stimuli/images/airport/sun_aqytxlpqgdgggfum.jpg,False,high,0,strawberry,4789.474999997765,correct,2085.0
wf4b8a46,mister,../static/stimuli/images/castle/sun_anlbycxbwyapqbza.jpg,False,low,0,mister,2805.2850000094622,correct,1317.0
wf4b8a46,pillow,../static/stimuli/images/grocery/sun_attfybmngdqnppeu.jpg,False,high,0,pillow,3013.63499998115,correct,1822.0
wf4b8a46,donor,../static/stimuli/images/pool/sun_alkvkavnnunmdavq.jpg,False,low,0,,,timeout,
wf4b8a46,horse,../static/stimuli/images/railway/sun_asgcpxncztcqwiyz.jpg,False,high,0,horse,2894.2000000097323,correct,1863.0
wf4b8a46,virus,../static/stimuli/images/auditorium/sun_alpteetxpjmjcejm.jpg,False,low,0,virus,2582.4499999871477,correct,1551.0
wf4b8a46,volunteer,../static/stimuli/images/gym/sun_awvqsdkrklypaaep.jpg,False,low,0,volounteer,5637.610000005225,correct,2334.0
wf4b8a46,rouge,../static/stimuli/images/campsite/sun_aommnycdukjoaebq.jpg,False,low,0,rouge,3229.26500000176,correct,1358.0
wf4b8a46,carrot,../static/stimuli/images/footballfield/sun_ahqkbelqgjflpbjo.jpg,False,high,0,carrot,2685.8549999888055,correct,1574.0
w1de2bb1,handkerchief,../static/stimuli/images/railway/sun_asgcpxncztcqwiyz.jpg,True,high,3,,,timeout,
w1de2bb1,magazine,../static/stimuli/images/grocery/sun_agipdkpovnqrcsgh.jpg,False,high,1,magazine,9281.465000007302,correct,7903.0
w1de2bb1,suburb,../static/stimuli/images/castle/sun_alsmelmsufuoupht.jpg,False,low,2,suburb,5497.564999968745,correct,3125.0
w1de2bb1,fellow,../static/stimuli/images/garage/sun_dswqerijtizeqkhu.jpg,False,low,2,fellow,6501.560000004247,correct,5199.0
w1de2bb1,lover,../static/stimuli/images/beach/sun_aacgcodmtsyjjmbx.jpg,False,low,2,lover,6670.42500001844,correct,5769.0
w1de2bb1,goddess,../static/stimuli/images/campsite/sun_asbhlaoploqpjahx.jpg,False,low,2,goddess,7986.380000016652,correct,7004.0
w1de2bb1,hamburger,../static/stimuli/images/river/sun_aztombwyhubhaynq.jpg,False,high,2,hamburger,4085.350000008475,correct,2263.0
w1de2bb1,cue,../static/stimuli/images/computerroom/sun_aagspgyvjmoiytfb.jpg,False,low,2,cue,3859.7399999853224,correct,3467.0
w1de2bb1,carrot,../static/stimuli/images/footballfield/sun_aedcjgjztgoialpm.jpg,False,high,1,carrot,4178.814999992028,correct,2935.0
w1de2bb1,sand,../static/stimuli/images/downtown/sun_ahtmvwmmrlbrfchd.jpg,False,high,2,sand,7132.830000016838,correct,6123.0
w1de2bb1,cauliflower,../static/stimuli/images/greenhouse/sun_bmkhcqoxkpbmqplr.jpg,False,high,2,cauliflower,6004.119999997783,correct,3226.0
w1de2bb1,donor,../static/stimuli/images/kitchen/sun_avlgzqfdedxwbiei.jpg,False,low,2,doner,6181.110000004992,other,5424.0
w1de2bb1,territory,../static/stimuli/images/musuem/sun_argfiirfjlkefabp.jpg,False,low,2,,,timeout,
w1de2bb1,octopus,../static/stimuli/images/airport/sun_aqytxlpqgdgggfum.jpg,False,high,2,,,timeout,
w1de2bb1,banana,../static/stimuli/images/forest/sun_almbxcurjahdxery.jpg,False,high,2,banana,5624.855000001844,correct,4028.0
w1de2bb1,dandelion,../static/stimuli/images/house/sun_aahrslvfecptaudk.jpg,False,high,2,dandelion,7005.195000034291,correct,5268.0
w1de2bb1,volunteer,../static/stimuli/images/pool/sun_amnkmeojepioccty.jpg,False,low,2,,,timeout,9924.0
w1de2bb1,pitchfork,../static/stimuli/images/bookstore/sun_aibnpvhkdpdnzcnz.jpg,False,high,2,,,timeout,8174.0
w1de2bb1,scapegoat,../static/stimuli/images/gym/sun_akecysmtkjijrbqr.jpg,False,low,2,,,timeout,
w1de2bb1,stable,../static/stimuli/images/auditorium/sun_ahwuhefoqkvitxnk.jpg,False,low,2,stable,4673.305000003893,correct,3307.0
