wid,word,image,practice,block,prime,prime_related,typing_rt,response,type_time,rt,response_type
w6187456,volcano,../static/stimuli/images/castle/sun_apkncxxjepzqmdyk.jpg,True,-1,False,False,3852.0,bed,4787.0,8639.0,other
w6187456,hat,../static/stimuli/images/volcano/sun_axyqizdexdgrtfie.jpg,False,-1,False,False,2033.0,hat,3066.0,5099.0,intrusion
w6187456,snake,../static/stimuli/images/garage/sun_dswqerijtizeqkhu.jpg,False,-1,False,False,1663.0,snake,1631.0,3294.0,correct
w6187456,bird,../static/stimuli/images/musuem/sun_atiiscmhrcnttlop.jpg,False,-1,False,False,2286.0,sky,2740.0,5026.0,intrusion
w6187456,heart,../static/stimuli/images/river/sun_aiazxjumlgdcrfpn.jpg,False,-1,False,False,1336.0,heart,1357.0,2693.0,intrusion
w6187456,cake,../static/stimuli/images/auditorium/sun_ahwnrxacspjqqqfm.jpg,False,-1,False,False,2587.0,cake,1177.0,3764.0,intrusion
w6187456,flower,../static/stimuli/images/street/sun_avxrcniddstcuuuc.jpg,False,-1,False,False,1675.0,tree,1368.0,3043.0,intrusion
w6187456,bed,../static/stimuli/images/beach/sun_aawqdbpihmlbwyyn.jpg,False,-1,False,False,1656.0,sleep,1739.0,3395.0,intrusion
w6187456,bone,../static/stimuli/images/kitchen/sun_akzumputqvdvtqbq.jpg,False,-1,False,False,2355.0,dry,1906.0,4261.0,other
w6187456,eye,../static/stimuli/images/theater/sun_atelpfsrkdqaoyph.jpg,False,-1,False,False,2065.0,window,2891.0,4956.0,other
w6187456,cat,../static/stimuli/images/tenniscourt/sun_auqykplyynyhxcas.jpg,False,-1,False,False,3632.0,cat,927.0,4559.0,correct
w6187456,lawn,../static/stimuli/images/pool/sun_argikopryamoycho.jpg,False,-1,False,False,2025.0,lawn,1556.0,3581.0,correct
w6187456,egg,../static/stimuli/images/tower/sun_augaqwzgrksvvsgf.jpg,False,-1,False,False,1484.0,egg,1670.0,3154.0,correct
w6187456,rabbit,../static/stimuli/images/bookstore/sun_afhaekubmjvpmvre.jpg,False,-1,False,False,1672.0,rabbit,1346.0,3018.0,correct
w6187456,truck,../static/stimuli/images/campsite/sun_arwteuvpegqctvcg.jpg,False,-1,False,False,1338.0,truck,1258.0,2596.0,correct
w6187456,fence,../static/stimuli/images/restaurant/sun_agxfoksoiibofpna.jpg,False,-1,False,False,2287.0,window,6175.0,8462.0,other
w6187456,potato,../static/stimuli/images/roof/sun_ajxjjpvulhilcwcy.jpg,False,-1,False,False,2125.0,potato,2321.0,4446.0,correct
w6187456,bread,../static/stimuli/images/gym/sun_awvqsdkrklypaaep.jpg,False,-1,False,False,1373.0,toast,1575.0,2948.0,other
w6187456,computer,../static/stimuli/images/warehouse/sun_aibppakephiqqqrb.jpg,False,-1,False,False,1486.0,computer,2186.0,3672.0,correct
w6187456,bag,../static/stimuli/images/downtown/sun_bzwgvgvsqqpbjfwc.jpg,False,-1,False,False,5108.0,sky,985.0,6093.0,intrusion
w6187456,drink,../static/stimuli/images/windmill/sun_arostrfeclmqdszk.jpg,False,-1,False,False,1360.0,milk,1681.0,3041.0,intrusion
w6187456,puzzle,../static/stimuli/images/grocery/sun_acmmgshfrxgopxlk.jpg,False,-1,False,False,1949.0,puzzle,1323.0,3272.0,correct
w6187456,milk,../static/stimuli/images/greenhouse/sun_bmnxsjsqwqcaluzf.jpg,False,-1,False,False,1163.0,milk,1276.0,2439.0,intrusion
w6187456,window,../static/stimuli/images/vineyard/sun_aicvecccjhfzcjnt.jpg,False,-1,False,False,3943.0,grass,1302.0,5245.0,other
w6187456,dog,../static/stimuli/images/footballfield/sun_ahqkbelqgjflpbjo.jpg,False,-1,False,False,1472.0,dog,1953.0,3425.0,correct
w6187456,sand,../static/stimuli/images/temple/sun_aeurbzlgbulzilum.jpg,False,-1,False,False,2902.0,tower,1286.0,4188.0,intrusion
w6187456,bear,../static/stimuli/images/ranch/sun_atkydlwjcpmattts.jpg,False,-1,False,False,4590.0,blue,634.0,5224.0,intrusion
w6187456,door,../static/stimuli/images/computerroom/sun_aknbqkyjmltzjpuf.jpg,False,-1,False,False,2138.0,door,2307.0,4445.0,intrusion
w6187456,toilet,../static/stimuli/images/waterfall/sun_albucmtmstcfpynn.jpg,False,-1,False,False,1318.0,toilet,1939.0,3257.0,correct
w6187456,candle,../static/stimuli/images/airport/sun_aonhxkxmksvewqlr.jpg,False,-1,False,False,2884.0,air,1666.0,4550.0,other
w6187456,apple,../static/stimuli/images/railway/sun_azmvasvseueupvyd.jpg,False,-1,False,False,2757.0,apple,843.0,3600.0,correct
w6187456,hay,../static/stimuli/images/forest/sun_aoqjnzwgdikwayvw.jpg,False,-1,False,False,4171.0,hay,1677.0,5848.0,intrusion
w6187456,pig,../static/stimuli/images/laundryroom/sun_dftejcrhqzltgvmr.jpg,False,-1,False,False,6252.0,dust,3353.0,9605.0,intrusion
w6187456,jeans,../static/stimuli/images/skiresort/sun_akfvworuwhgwukzv.jpg,False,-1,False,False,2161.0,snow,1145.0,3306.0,other
w6187456,nut,../static/stimuli/images/subway/sun_amwmhabnpkxinmtz.jpg,False,-1,False,False,7977.0,door,990.0,8967.0,intrusion
w6187456,lion,../static/stimuli/images/house/sun_admwlghhtfixlbsf.jpg,False,-1,False,False,3250.0,tiger,2991.0,6241.0,intrusion
w6187456,duck,../static/stimuli/images/underwater/sun_asqdtehokuizoxnq.jpg,False,-1,False,False,2347.0,duck,1061.0,3408.0,intrusion
w6187456,horse,../static/stimuli/images/shoppingmall/sun_avicxzccipgymejx.jpg,False,-1,False,False,2461.0,mall,761.0,3222.0,intrusion
w6187456,bee,../static/stimuli/images/ziggurat/sun_apdphtulomykrqoa.jpg,False,-1,False,False,4731.0,tail,1575.0,6306.0,other
w6187456,ear,../static/stimuli/images/sky/sun_aboqqlnpqcqfghfo.jpg,False,-1,False,False,1789.0,sky,1212.0,3001.0,intrusion
w6187456,dog,../static/stimuli/images/footballfield/sun_ahqkbelqgjflpbjo.jpg,False,-1,True,True,1919.0,dog,1024.0,2943.0,correct
w6187456,bag,../static/stimuli/images/downtown/sun_bzwgvgvsqqpbjfwc.jpg,False,-1,True,True,860.0,bag,1146.0,2006.0,intrusion
w6187456,volcano,../static/stimuli/images/castle/sun_apkncxxjepzqmdyk.jpg,False,-1,True,True,811.0,volcano,1925.0,2736.0,correct
w6187456,snake,../static/stimuli/images/garage/sun_dswqerijtizeqkhu.jpg,False,-1,True,False,1276.0,snake,1943.0,3219.0,correct
w6187456,truck,../static/stimuli/images/campsite/sun_arwteuvpegqctvcg.jpg,False,-1,True,False,1008.0,truck,2713.0,3721.0,correct
w6187456,eye,../static/stimuli/images/theater/sun_atelpfsrkdqaoyph.jpg,False,-1,True,True,1967.0,eye,3101.0,5068.0,correct
w6187456,cake,../static/stimuli/images/auditorium/sun_ahwnrxacspjqqqfm.jpg,False,-1,True,True,1174.0,cake,2234.0,3408.0,intrusion
w6187456,computer,../static/stimuli/images/warehouse/sun_aibppakephiqqqrb.jpg,False,-1,True,False,1103.0,computer,2284.0,3387.0,correct
w6187456,milk,../static/stimuli/images/greenhouse/sun_bmnxsjsqwqcaluzf.jpg,False,-1,True,True,961.0,milk,1241.0,2202.0,intrusion
w6187456,horse,../static/stimuli/images/shoppingmall/sun_avicxzccipgymejx.jpg,False,-1,True,True,1192.0,horse,1287.0,2479.0,intrusion
w6187456,jeans,../static/stimuli/images/skiresort/sun_akfvworuwhgwukzv.jpg,False,-1,True,False,2165.0,jeans,2100.0,4265.0,correct
w6187456,bone,../static/stimuli/images/kitchen/sun_akzumputqvdvtqbq.jpg,False,-1,True,True,1219.0,bone,1072.0,2291.0,intrusion
w6187456,puzzle,../static/stimuli/images/grocery/sun_acmmgshfrxgopxlk.jpg,False,-1,True,False,2646.0,puzzle,1705.0,4351.0,correct
w6187456,bear,../static/stimuli/images/ranch/sun_atkydlwjcpmattts.jpg,False,-1,True,True,1234.0,bear,932.0,2166.0,intrusion
w6187456,egg,../static/stimuli/images/tower/sun_augaqwzgrksvvsgf.jpg,False,-1,True,False,1130.0,egg,954.0,2084.0,correct
w6187456,drink,../static/stimuli/images/windmill/sun_arostrfeclmqdszk.jpg,False,-1,True,True,1875.0,drink,1410.0,3285.0,intrusion
w6187456,nut,../static/stimuli/images/subway/sun_amwmhabnpkxinmtz.jpg,False,-1,True,False,5558.0,dry,1274.0,6832.0,other
w6187456,sand,../static/stimuli/images/temple/sun_aeurbzlgbulzilum.jpg,False,-1,True,True,928.0,sand,1150.0,2078.0,intrusion
w6187456,apple,../static/stimuli/images/railway/sun_azmvasvseueupvyd.jpg,False,-1,True,False,1184.0,apple,811.0,1995.0,correct
w6187456,potato,../static/stimuli/images/roof/sun_ajxjjpvulhilcwcy.jpg,False,-1,True,False,1152.0,potato,1398.0,2550.0,correct
w6187456,lion,../static/stimuli/images/house/sun_admwlghhtfixlbsf.jpg,False,-1,True,False,1187.0,lion,1052.0,2239.0,correct
w6187456,bread,../static/stimuli/images/gym/sun_awvqsdkrklypaaep.jpg,False,-1,True,False,1299.0,toast,1249.0,2548.0,other
w6187456,toilet,../static/stimuli/images/waterfall/sun_albucmtmstcfpynn.jpg,False,-1,True,False,1201.0,toilet,1230.0,2431.0,correct
w6187456,bird,../static/stimuli/images/musuem/sun_atiiscmhrcnttlop.jpg,False,-1,True,False,1713.0,bird,889.0,2602.0,correct
w6187456,door,../static/stimuli/images/computerroom/sun_aknbqkyjmltzjpuf.jpg,False,-1,True,False,1924.0,door,1829.0,3753.0,intrusion
w6187456,flower,../static/stimuli/images/street/sun_avxrcniddstcuuuc.jpg,False,-1,True,False,3231.0,apple,2962.0,6193.0,other
w6187456,ear,../static/stimuli/images/sky/sun_aboqqlnpqcqfghfo.jpg,False,-1,True,True,1124.0,ear,586.0,1710.0,intrusion
w6187456,pig,../static/stimuli/images/laundryroom/sun_dftejcrhqzltgvmr.jpg,False,-1,True,False,1217.0,pig,739.0,1956.0,correct
w6187456,cat,../static/stimuli/images/tenniscourt/sun_auqykplyynyhxcas.jpg,False,-1,True,True,646.0,cat,513.0,1159.0,correct
w6187456,hay,../static/stimuli/images/forest/sun_aoqjnzwgdikwayvw.jpg,False,-1,True,False,1133.0,hay,645.0,1778.0,intrusion
w6187456,heart,../static/stimuli/images/river/sun_aiazxjumlgdcrfpn.jpg,False,-1,True,True,1053.0,heart,822.0,1875.0,intrusion
w6187456,bed,../static/stimuli/images/beach/sun_aawqdbpihmlbwyyn.jpg,False,-1,True,True,899.0,bed,432.0,1331.0,correct
w6187456,bee,../static/stimuli/images/ziggurat/sun_apdphtulomykrqoa.jpg,False,-1,True,False,2947.0,bee,2394.0,5341.0,intrusion
w6187456,hat,../static/stimuli/images/volcano/sun_axyqizdexdgrtfie.jpg,False,-1,True,True,934.0,hat,997.0,1931.0,intrusion
w6187456,window,../static/stimuli/images/vineyard/sun_aicvecccjhfzcjnt.jpg,False,-1,True,False,2605.0,window,1504.0,4109.0,correct
w6187456,fence,../static/stimuli/images/restaurant/sun_agxfoksoiibofpna.jpg,False,-1,True,True,3764.0,door,1015.0,4779.0,intrusion
w6187456,lawn,../static/stimuli/images/pool/sun_argikopryamoycho.jpg,False,-1,True,True,970.0,lawn,891.0,1861.0,correct
w6187456,duck,../static/stimuli/images/underwater/sun_asqdtehokuizoxnq.jpg,False,-1,True,True,794.0,duck,690.0,1484.0,intrusion
w6187456,candle,../static/stimuli/images/airport/sun_aonhxkxmksvewqlr.jpg,False,-1,True,False,1779.0,candle,821.0,2600.0,correct
w6187456,rabbit,../static/stimuli/images/bookstore/sun_afhaekubmjvpmvre.jpg,False,-1,True,True,804.0,rabbit,880.0,1684.0,correct
w6187456,cat,../static/stimuli/images/tenniscourt/sun_auqykplyynyhxcas.jpg,False,-1,True,False,992.0,cat,853.0,1845.0,correct
w6187456,snake,../static/stimuli/images/garage/sun_dswqerijtizeqkhu.jpg,False,-1,True,True,964.0,snake,670.0,1634.0,correct
w6187456,candle,../static/stimuli/images/airport/sun_aonhxkxmksvewqlr.jpg,False,-1,True,True,661.0,candle,848.0,1509.0,correct
w6187456,bee,../static/stimuli/images/ziggurat/sun_apdphtulomykrqoa.jpg,False,-1,True,True,682.0,bee,1288.0,1970.0,intrusion
w6187456,lawn,../static/stimuli/images/pool/sun_argikopryamoycho.jpg,False,-1,True,False,1190.0,lawn,875.0,2065.0,correct
w6187456,eye,../static/stimuli/images/theater/sun_atelpfsrkdqaoyph.jpg,False,-1,True,False,1883.0,window,2049.0,3932.0,other
w6187456,puzzle,../static/stimuli/images/grocery/sun_acmmgshfrxgopxlk.jpg,False,-1,True,True,858.0,puzzle,1078.0,1936.0,correct
w6187456,egg,../static/stimuli/images/tower/sun_augaqwzgrksvvsgf.jpg,False,-1,True,True,569.0,egg,628.0,1197.0,correct
w6187456,bone,../static/stimuli/images/kitchen/sun_akzumputqvdvtqbq.jpg,False,-1,True,False,2925.0,bone,3626.0,6551.0,intrusion
w6187456,horse,../static/stimuli/images/shoppingmall/sun_avicxzccipgymejx.jpg,False,-1,True,False,1206.0,horse,706.0,1912.0,intrusion
w6187456,nut,../static/stimuli/images/subway/sun_amwmhabnpkxinmtz.jpg,False,-1,True,True,975.0,nut,506.0,1481.0,correct
w6187456,heart,../static/stimuli/images/river/sun_aiazxjumlgdcrfpn.jpg,False,-1,True,False,890.0,heart,851.0,1741.0,intrusion
w6187456,fence,../static/stimuli/images/restaurant/sun_agxfoksoiibofpna.jpg,False,-1,True,False,5821.0,volcano,2391.0,8212.0,other
w6187456,bag,../static/stimuli/images/downtown/sun_bzwgvgvsqqpbjfwc.jpg,False,-1,True,False,1968.0,bell,2301.0,4269.0,intrusion
w6187456,potato,../static/stimuli/images/roof/sun_ajxjjpvulhilcwcy.jpg,False,-1,True,True,1107.0,potato,1253.0,2360.0,correct
w6187456,jeans,../static/stimuli/images/skiresort/sun_akfvworuwhgwukzv.jpg,False,-1,True,True,696.0,jeans,2389.0,3085.0,correct
w6187456,dog,../static/stimuli/images/footballfield/sun_ahqkbelqgjflpbjo.jpg,False,-1,True,False,1251.0,dog,1349.0,2600.0,correct
w6187456,apple,../static/stimuli/images/railway/sun_azmvasvseueupvyd.jpg,False,-1,True,True,1003.0,apple,699.0,1702.0,correct
w6187456,rabbit,../static/stimuli/images/bookstore/sun_afhaekubmjvpmvre.jpg,False,-1,True,False,977.0,rabbit,889.0,1866.0,correct
w6187456,window,../static/stimuli/images/vineyard/sun_aicvecccjhfzcjnt.jpg,False,-1,True,True,1001.0,window,1521.0,2522.0,correct
w6187456,cake,../static/stimuli/images/auditorium/sun_ahwnrxacspjqqqfm.jpg,False,-1,True,False,991.0,cake,530.0,1521.0,intrusion
w6187456,bread,../static/stimuli/images/gym/sun_awvqsdkrklypaaep.jpg,False,-1,True,True,1192.0,taost,967.0,2159.0,other
w6187456,lion,../static/stimuli/images/house/sun_admwlghhtfixlbsf.jpg,False,-1,True,True,697.0,lion,751.0,1448.0,correct
w6187456,bed,../static/stimuli/images/beach/sun_aawqdbpihmlbwyyn.jpg,False,-1,True,False,1374.0,bed,890.0,2264.0,correct
w6187456,ear,../static/stimuli/images/sky/sun_aboqqlnpqcqfghfo.jpg,False,-1,True,False,1117.0,ear,880.0,1997.0,intrusion
w6187456,pig,../static/stimuli/images/laundryroom/sun_dftejcrhqzltgvmr.jpg,False,-1,True,True,794.0,pig,514.0,1308.0,correct
w6187456,truck,../static/stimuli/images/campsite/sun_arwteuvpegqctvcg.jpg,False,-1,True,True,740.0,truck,825.0,1565.0,correct
w6187456,hat,../static/stimuli/images/volcano/sun_axyqizdexdgrtfie.jpg,False,-1,True,False,1332.0,hat,1293.0,2625.0,intrusion
w6187456,milk,../static/stimuli/images/greenhouse/sun_bmnxsjsqwqcaluzf.jpg,False,-1,True,False,928.0,milk,766.0,1694.0,intrusion
w6187456,drink,../static/stimuli/images/windmill/sun_arostrfeclmqdszk.jpg,False,-1,True,False,1163.0,drink,885.0,2048.0,intrusion
w6187456,toilet,../static/stimuli/images/waterfall/sun_albucmtmstcfpynn.jpg,False,-1,True,True,676.0,toilet,1032.0,1708.0,correct
w6187456,duck,../static/stimuli/images/underwater/sun_asqdtehokuizoxnq.jpg,False,-1,True,False,1188.0,duck,581.0,1769.0,intrusion
w6187456,volcano,../static/stimuli/images/castle/sun_apkncxxjepzqmdyk.jpg,False,-1,True,False,3748.0,castle,1053.0,4801.0,other
w6187456,door,../static/stimuli/images/computerroom/sun_aknbqkyjmltzjpuf.jpg,False,-1,True,True,1745.0,door,2120.0,3865.0,intrusion
w6187456,computer,../static/stimuli/images/warehouse/sun_aibppakephiqqqrb.jpg,False,-1,True,True,643.0,computer,855.0,1498.0,correct
w6187456,bird,../static/stimuli/images/musuem/sun_atiiscmhrcnttlop.jpg,False,-1,True,True,1194.0,bird,870.0,2064.0,correct
w6187456,bear,../static/stimuli/images/ranch/sun_atkydlwjcpmattts.jpg,False,-1,True,False,1424.0,bear,765.0,2189.0,intrusion
w6187456,hay,../static/stimuli/images/forest/sun_aoqjnzwgdikwayvw.jpg,False,-1,True,True,702.0,hay,491.0,1193.0,intrusion
w6187456,sand,../static/stimuli/images/temple/sun_aeurbzlgbulzilum.jpg,False,-1,True,False,1040.0,sand,714.0,1754.0,intrusion
w6187456,flower,../static/stimuli/images/street/sun_avxrcniddstcuuuc.jpg,False,-1,True,True,1513.0,flower,946.0,2459.0,intrusion
w7f26d75,bone,../static/stimuli/images/tenniscourt/sun_aczifhfuxagmsqub.jpg,True,-1,False,False,8579.0,,0.0,8579.0,empty
w7f26d75,window,../static/stimuli/images/grocery/sun_ajxqnbvuflmzhcig.jpg,False,-1,False,False,3028.0,bear,1303.0,4331.0,intrusion
w7f26d75,eye,../static/stimuli/images/volcano/sun_amntiizmakyntrnx.jpg,False,-1,False,False,4106.0,eye,1592.0,5698.0,correct
w7f26d75,lion,../static/stimuli/images/underwater/sun_azotfggtynldgbwm.jpg,False,-1,False,False,8104.999999999971,bear,1709.0,9813.99999999997,intrusion
w7f26d75,apple,../static/stimuli/images/greenhouse/sun_bhxqibazllyrcpje.jpg,False,-1,False,False,4738.0,,0.0,4738.0,empty
w7f26d75,volcano,../static/stimuli/images/tower/sun_abxucdjovctfgknh.jpg,False,-1,False,False,4281.0,can,450.0,4731.0,other
w7f26d75,bed,../static/stimuli/images/forest/sun_almbxcurjahdxery.jpg,False,-1,False,False,3123.999999999971,,0.0,3123.999999999971,empty
w7f26d75,hat,../static/stimuli/images/roof/sun_ajxjjpvulhilcwcy.jpg,False,-1,False,False,2107.0,,0.0,2107.0,empty
w7f26d75,nut,../static/stimuli/images/pool/sun_abmafiafisngvteo.jpg,False,-1,False,False,3342.0,,0.0,3342.0,empty
w7f26d75,candle,../static/stimuli/images/kitchen/sun_aqeaevwwwjoqhzvl.jpg,False,-1,False,False,2244.0,,0.0,2244.0,empty
w7f26d75,rabbit,../static/stimuli/images/downtown/sun_bubeehcgngkyqymr.jpg,False,-1,False,False,2017.000000000029,,0.0,2017.000000000029,empty
w7f26d75,milk,../static/stimuli/images/river/sun_aiazxjumlgdcrfpn.jpg,False,-1,False,False,4995.999999999971,,0.0,4995.999999999971,empty
w7f26d75,egg,../static/stimuli/images/musuem/sun_axbkhklgdaevqxyj.jpg,False,-1,False,False,2187.0,,0.0,2187.0,empty
w7f26d75,snake,../static/stimuli/images/sky/sun_aczjsyhtqawbyyer.jpg,False,-1,False,False,3775.000000000029,,0.0,3775.000000000029,empty
w7f26d75,hay,../static/stimuli/images/theater/sun_atelpfsrkdqaoyph.jpg,False,-1,False,False,4472.0,eat,527.0000000000291,4999.000000000029,other
w7f26d75,ear,../static/stimuli/images/house/sun_awyiuqdptibtzfuh.jpg,False,-1,False,False,1853.0,,0.0,1853.0,empty
w7f26d75,bear,../static/stimuli/images/shoppingmall/sun_aradyzjpmslqqakf.jpg,False,-1,False,False,4302.0,,0.0,4302.0,empty
w7f26d75,dog,../static/stimuli/images/waterfall/sun_adtiwvbnsxsyohuw.jpg,False,-1,False,False,4018.0,dog,1283.0,5301.0,correct
w7f26d75,drink,../static/stimuli/images/bookstore/sun_afhaekubmjvpmvre.jpg,False,-1,False,False,3321.0,,0.0,3321.0,empty
w7f26d75,door,../static/stimuli/images/auditorium/sun_ahwnrxacspjqqqfm.jpg,False,-1,False,False,3369.0,,0.0,3369.0,empty
w7f26d75,cake,../static/stimuli/images/laundryroom/sun_acnrhsgylwftewpq.jpg,False,-1,False,False,2712.000000000029,,0.0,2712.000000000029,empty
w7f26d75,heart,../static/stimuli/images/computerroom/sun_aagspgyvjmoiytfb.jpg,False,-1,False,False,1701.0,,0.0,1701.0,empty
w7f26d75,jeans,../static/stimuli/images/ranch/sun_amqejeymhjlanyvr.jpg,False,-1,False,False,6287.000000000029,,0.0,6287.000000000029,empty
w7f26d75,computer,../static/stimuli/images/campsite/sun_agjhcohmxuuaimig.jpg,False,-1,False,False,2432.0,,0.0,2432.0,empty
w7f26d75,cat,../static/stimuli/images/temple/sun_ardesvcosqecvbes.jpg,False,-1,False,False,5212.000000000029,candy,1591.0000000000582,6803.000000000087,other
w7f26d75,puzzle,../static/stimuli/images/skiresort/sun_aewjqygtlkyracri.jpg,False,-1,False,False,1512.0,,0.0,1512.0,empty
w7f26d75,toilet,../static/stimuli/images/railway/sun_azmvasvseueupvyd.jpg,False,-1,False,False,1875.0,,0.0,1875.0,empty
w7f26d75,fence,../static/stimuli/images/ziggurat/fig1.png,False,-1,False,False,1435.0000000000582,,0.0,1435.0000000000582,empty
w7f26d75,flower,../static/stimuli/images/vineyard/sun_amazvkispkonazvz.jpg,False,-1,False,False,3156.0,,0.0,3156.0,empty
w7f26d75,bread,../static/stimuli/images/footballfield/sun_ahqkbelqgjflpbjo.jpg,False,-1,False,False,4458.0,,0.0,4458.0,empty
w7f26d75,bird,../static/stimuli/images/warehouse/sun_ahkbykndmtongifl.jpg,False,-1,False,False,1311.0,,0.0,1311.0,empty
w7f26d75,pig,../static/stimuli/images/beach/sun_abrqamdurwzygcjy.jpg,False,-1,False,False,6548.0,cat,681.0000000000582,7229.000000000058,other
w7f26d75,sand,../static/stimuli/images/restaurant/sun_ajsstbpxnharlnnf.jpg,False,-1,False,False,1170.0,,0.0,1170.0,empty
w7f26d75,truck,../static/stimuli/images/subway/sun_axjlvqkyqahstpwg.jpg,False,-1,False,False,1927.0,see,684.0,2611.0,intrusion
w7f26d75,bee,../static/stimuli/images/gym/sun_arcsudfqyrphzccy.jpg,False,-1,False,False,1624.0000000000582,,0.0,1624.0000000000582,empty
w7f26d75,horse,../static/stimuli/images/street/sun_aadhshmrjrbucdky.jpg,False,-1,False,False,2453.999999999942,,0.0,2453.999999999942,empty
w7f26d75,potato,../static/stimuli/images/castle/sun_alsmelmsufuoupht.jpg,False,-1,False,False,2428.0,,360.0,2788.0,empty
w7f26d75,duck,../static/stimuli/images/garage/sun_deomonrjnryvglit.jpg,False,-1,False,False,1465.0,,0.0,1465.0,empty
w7f26d75,lawn,../static/stimuli/images/windmill/sun_arzqgolrrmfeptxe.jpg,False,-1,False,False,3149.0,,1.0,3150.0,empty
w7f26d75,bag,../static/stimuli/images/airport/sun_ammfdrzrfvjsqahx.jpg,False,-1,False,False,2274.0,,0.0,2274.0,empty
w7f26d75,flower,../static/stimuli/images/vineyard/sun_amazvkispkonazvz.jpg,False,-1,True,False,1425.0,flower,892.0,2317.0,intrusion
w7f26d75,bear,../static/stimuli/images/shoppingmall/sun_aradyzjpmslqqakf.jpg,False,-1,True,False,3568.0,bear,836.0,4404.0,intrusion
w7f26d75,window,../static/stimuli/images/grocery/sun_ajxqnbvuflmzhcig.jpg,False,-1,True,True,4340.0,duck,2052.0,6392.0,intrusion
w7f26d75,cake,../static/stimuli/images/laundryroom/sun_acnrhsgylwftewpq.jpg,False,-1,True,False,7028.0,cat,440.0,7468.0,other
w7f26d75,nut,../static/stimuli/images/pool/sun_abmafiafisngvteo.jpg,False,-1,True,False,2388.0,nut,585.0,2973.0,correct
w7f26d75,ear,../static/stimuli/images/house/sun_awyiuqdptibtzfuh.jpg,False,-1,True,False,4152.0,game,432.0000000001164,4584.000000000116,intrusion
w7f26d75,bed,../static/stimuli/images/forest/sun_almbxcurjahdxery.jpg,False,-1,True,False,3645.0,hike,5244.0,8889.0,intrusion
w7f26d75,bag,../static/stimuli/images/airport/sun_ammfdrzrfvjsqahx.jpg,False,-1,True,False,1231.0,bag,330.0,1561.0,intrusion
w7f26d75,potato,../static/stimuli/images/castle/sun_alsmelmsufuoupht.jpg,False,-1,True,False,4631.000000000116,,0.0,4631.000000000116,empty
w7f26d75,lion,../static/stimuli/images/underwater/sun_azotfggtynldgbwm.jpg,False,-1,True,False,1271.0000000001164,lion,671.9999999998836,1943.0,correct
w7f26d75,horse,../static/stimuli/images/street/sun_aadhshmrjrbucdky.jpg,False,-1,True,False,4302.0,,0.0,4302.0,empty
w7f26d75,jeans,../static/stimuli/images/ranch/sun_amqejeymhjlanyvr.jpg,False,-1,True,True,1331.0,jeans,1315.0,2646.0,correct
w7f26d75,drink,../static/stimuli/images/bookstore/sun_afhaekubmjvpmvre.jpg,False,-1,True,True,2904.0,,0.0,2904.0,empty
w7f26d75,duck,../static/stimuli/images/garage/sun_deomonrjnryvglit.jpg,False,-1,True,False,1666.0,duck,1171.0,2837.0,intrusion
w7f26d75,apple,../static/stimuli/images/greenhouse/sun_bhxqibazllyrcpje.jpg,False,-1,True,True,932.0,apple,666.0,1598.0,correct
w7f26d75,eye,../static/stimuli/images/volcano/sun_amntiizmakyntrnx.jpg,False,-1,True,False,2642.0,eye,600.0000000001164,3242.0000000001164,correct
w7f26d75,bee,../static/stimuli/images/gym/sun_arcsudfqyrphzccy.jpg,False,-1,True,True,2077.9999999998836,bee,455.0,2532.9999999998836,intrusion
w7f26d75,bread,../static/stimuli/images/footballfield/sun_ahqkbelqgjflpbjo.jpg,False,-1,True,False,5611.0,,0.0,5611.0,empty
w7f26d75,fence,../static/stimuli/images/ziggurat/fig1.png,False,-1,True,True,1188.0,fence,512.0,1700.0,intrusion
w7f26d75,toilet,../static/stimuli/images/railway/sun_azmvasvseueupvyd.jpg,False,-1,True,True,1107.9999999998836,toilet,791.0000000001164,1899.0,correct
w7f26d75,volcano,../static/stimuli/images/tower/sun_abxucdjovctfgknh.jpg,False,-1,True,True,1835.0,volcano,978.0,2813.0,correct
w7f26d75,bone,../static/stimuli/images/tenniscourt/sun_aczifhfuxagmsqub.jpg,False,-1,True,False,2862.0,pond,2460.0,5322.0,intrusion
w7f26d75,puzzle,../static/stimuli/images/skiresort/sun_aewjqygtlkyracri.jpg,False,-1,True,True,762.0,puzzle,1275.0,2037.0,correct
w7f26d75,lawn,../static/stimuli/images/windmill/sun_arzqgolrrmfeptxe.jpg,False,-1,True,True,643.0,lawn,491.0,1134.0,correct
w7f26d75,door,../static/stimuli/images/auditorium/sun_ahwnrxacspjqqqfm.jpg,False,-1,True,True,1870.0,door,518.0,2388.0,intrusion
w7f26d75,snake,../static/stimuli/images/sky/sun_aczjsyhtqawbyyer.jpg,False,-1,True,False,1708.0,snake,1184.0,2892.0,correct
w7f26d75,bird,../static/stimuli/images/warehouse/sun_ahkbykndmtongifl.jpg,False,-1,True,True,1542.0,,0.0,1542.0,empty
w7f26d75,milk,../static/stimuli/images/river/sun_aiazxjumlgdcrfpn.jpg,False,-1,True,True,1208.0,milk,1607.0,2815.0,intrusion
w7f26d75,sand,../static/stimuli/images/restaurant/sun_ajsstbpxnharlnnf.jpg,False,-1,True,True,1014.9999999998836,sand,921.0,1935.9999999998836,intrusion
w7f26d75,pig,../static/stimuli/images/beach/sun_abrqamdurwzygcjy.jpg,False,-1,True,False,4405.000000000116,pig,1093.9999999998836,5499.0,correct
w7f26d75,rabbit,../static/stimuli/images/downtown/sun_bubeehcgngkyqymr.jpg,False,-1,True,True,1930.0,rabbit,751.0,2681.0,correct
w7f26d75,truck,../static/stimuli/images/subway/sun_axjlvqkyqahstpwg.jpg,False,-1,True,True,728.0000000001164,trucl,731.0,1459.0000000001164,other
w7f26d75,cat,../static/stimuli/images/temple/sun_ardesvcosqecvbes.jpg,False,-1,True,True,1160.0,cat,426.0,1586.0,correct
w7f26d75,dog,../static/stimuli/images/waterfall/sun_adtiwvbnsxsyohuw.jpg,False,-1,True,False,6885.000000000116,dog,601.9999999998836,7487.0,correct
w7f26d75,candle,../static/stimuli/images/kitchen/sun_aqeaevwwwjoqhzvl.jpg,False,-1,True,True,1033.0000000001164,candle,779.9999999998836,1813.0,correct
w7f26d75,computer,../static/stimuli/images/campsite/sun_agjhcohmxuuaimig.jpg,False,-1,True,True,1861.0,computer,1662.0000000001164,3523.0000000001164,correct
w7f26d75,egg,../static/stimuli/images/musuem/sun_axbkhklgdaevqxyj.jpg,False,-1,True,False,2346.0,milk,2335.0000000001164,4681.000000000116,intrusion
w7f26d75,hay,../static/stimuli/images/theater/sun_atelpfsrkdqaoyph.jpg,False,-1,True,False,3764.0,,1583.0,5347.0,empty
w7f26d75,heart,../static/stimuli/images/computerroom/sun_aagspgyvjmoiytfb.jpg,False,-1,True,False,1339.9999999998836,heart,577.0,1916.9999999998836,intrusion
w7f26d75,hat,../static/stimuli/images/roof/sun_ajxjjpvulhilcwcy.jpg,False,-1,True,True,980.0,hat,329.0000000001164,1309.0000000001164,intrusion
w7f26d75,milk,../static/stimuli/images/river/sun_aiazxjumlgdcrfpn.jpg,False,-1,True,False,4626.0,,0.0,4626.0,empty
w7f26d75,apple,../static/stimuli/images/greenhouse/sun_bhxqibazllyrcpje.jpg,False,-1,True,False,1060.0,apple,728.0,1788.0,correct
w7f26d75,ear,../static/stimuli/images/house/sun_awyiuqdptibtzfuh.jpg,False,-1,True,True,3227.0,ear,388.0,3615.0,intrusion
w7f26d75,nut,../static/stimuli/images/pool/sun_abmafiafisngvteo.jpg,False,-1,True,True,924.9999999998836,nut,369.0,1293.9999999998836,correct
w7f26d75,door,../static/stimuli/images/auditorium/sun_ahwnrxacspjqqqfm.jpg,False,-1,True,False,1657.0,door,648.0,2305.0,intrusion
w7f26d75,fence,../static/stimuli/images/ziggurat/fig1.png,False,-1,True,False,1424.0000000001164,fence,536.9999999998836,1961.0,intrusion
w7f26d75,computer,../static/stimuli/images/campsite/sun_agjhcohmxuuaimig.jpg,False,-1,True,False,5939.0,,0.0,5939.0,empty
w7f26d75,lawn,../static/stimuli/images/windmill/sun_arzqgolrrmfeptxe.jpg,False,-1,True,False,893.0,lawn,618.0,1511.0,correct
w7f26d75,rabbit,../static/stimuli/images/downtown/sun_bubeehcgngkyqymr.jpg,False,-1,True,False,1752.0,rabbit,867.0000000001164,2619.0000000001164,correct
w7f26d75,egg,../static/stimuli/images/musuem/sun_axbkhklgdaevqxyj.jpg,False,-1,True,True,2432.0,milk,773.0,3205.0,intrusion
w7f26d75,bird,../static/stimuli/images/warehouse/sun_ahkbykndmtongifl.jpg,False,-1,True,False,2093.0,,0.0,2093.0,empty
w7f26d75,potato,../static/stimuli/images/castle/sun_alsmelmsufuoupht.jpg,False,-1,True,True,4676.999999999884,,0.0,4676.999999999884,empty
w7f26d75,heart,../static/stimuli/images/computerroom/sun_aagspgyvjmoiytfb.jpg,False,-1,True,True,837.0,heart,624.0,1461.0,intrusion
w7f26d75,bear,../static/stimuli/images/shoppingmall/sun_aradyzjpmslqqakf.jpg,False,-1,True,True,1383.0,bear,430.0000000001164,1813.0000000001164,intrusion
w7f26d75,truck,../static/stimuli/images/subway/sun_axjlvqkyqahstpwg.jpg,False,-1,True,False,1035.0,truck,742.0,1777.0,correct
w7f26d75,hat,../static/stimuli/images/roof/sun_ajxjjpvulhilcwcy.jpg,False,-1,True,False,1159.0,hat,275.0,1434.0,intrusion
w7f26d75,jeans,../static/stimuli/images/ranch/sun_amqejeymhjlanyvr.jpg,False,-1,True,False,1535.0,jeans,492.0,2027.0,correct
w7f26d75,volcano,../static/stimuli/images/tower/sun_abxucdjovctfgknh.jpg,False,-1,True,False,2141.0,volcano,890.0,3031.0,correct
w7f26d75,sand,../static/stimuli/images/restaurant/sun_ajsstbpxnharlnnf.jpg,False,-1,True,False,1351.0,sand,709.0,2060.0,intrusion
w7f26d75,snake,../static/stimuli/images/sky/sun_aczjsyhtqawbyyer.jpg,False,-1,True,True,754.0,snake,529.0,1283.0,correct
w7f26d75,drink,../static/stimuli/images/bookstore/sun_afhaekubmjvpmvre.jpg,False,-1,True,False,3512.0,,0.0,3512.0,empty
w7f26d75,toilet,../static/stimuli/images/railway/sun_azmvasvseueupvyd.jpg,False,-1,True,False,2101.9999999998836,toilet,816.0000000001164,2918.0,correct
w7f26d75,bed,../static/stimuli/images/forest/sun_almbxcurjahdxery.jpg,False,-1,True,True,4782.0,tree,1321.0,6103.0,intrusion
w7f26d75,flower,../static/stimuli/images/vineyard/sun_amazvkispkonazvz.jpg,False,-1,True,True,680.9999999998836,flower,662.0,1342.9999999998836,intrusion
w7f26d75,bag,../static/stimuli/images/airport/sun_ammfdrzrfvjsqahx.jpg,False,-1,True,True,1110.0,bag,905.0,2015.0,intrusion
w7f26d75,cake,../static/stimuli/images/laundryroom/sun_acnrhsgylwftewpq.jpg,False,-1,True,True,2207.0,cake,429.0,2636.0,intrusion
w7f26d75,bone,../static/stimuli/images/tenniscourt/sun_aczifhfuxagmsqub.jpg,False,-1,True,True,8137.000000000116,pond,543.9999999998836,8681.0,intrusion
w7f26d75,duck,../static/stimuli/images/garage/sun_deomonrjnryvglit.jpg,False,-1,True,True,728.0,duck,889.0,1617.0,intrusion
w7f26d75,cat,../static/stimuli/images/temple/sun_ardesvcosqecvbes.jpg,False,-1,True,False,1395.0,cat,554.0,1949.0,correct
w7f26d75,hay,../static/stimuli/images/theater/sun_atelpfsrkdqaoyph.jpg,False,-1,True,True,5487.0,,0.0,5487.0,empty
w7f26d75,window,../static/stimuli/images/grocery/sun_ajxqnbvuflmzhcig.jpg,False,-1,True,False,4876.0,,334.0,5210.0,empty
w7f26d75,puzzle,../static/stimuli/images/skiresort/sun_aewjqygtlkyracri.jpg,False,-1,True,False,1607.0,puzzle,869.0,2476.0,correct
w7f26d75,bread,../static/stimuli/images/footballfield/sun_ahqkbelqgjflpbjo.jpg,False,-1,True,True,1083.0,bread,553.0,1636.0,correct
w7f26d75,candle,../static/stimuli/images/kitchen/sun_aqeaevwwwjoqhzvl.jpg,False,-1,True,False,3813.0000000001164,,334.9999999998836,4148.0,empty
w7f26d75,pig,../static/stimuli/images/beach/sun_abrqamdurwzygcjy.jpg,False,-1,True,True,923.9999999998836,pig,599.0,1522.9999999998836,correct
w7f26d75,lion,../static/stimuli/images/underwater/sun_azotfggtynldgbwm.jpg,False,-1,True,True,592.0,lion,658.0,1250.0,correct
w7f26d75,horse,../static/stimuli/images/street/sun_aadhshmrjrbucdky.jpg,False,-1,True,True,1604.0000000001164,,0.0,1604.0000000001164,empty
w7f26d75,bee,../static/stimuli/images/gym/sun_arcsudfqyrphzccy.jpg,False,-1,True,False,1942.0,bee,602.0,2544.0,intrusion
w7f26d75,dog,../static/stimuli/images/waterfall/sun_adtiwvbnsxsyohuw.jpg,False,-1,True,True,1405.0,dog,338.0,1743.0,correct
w7f26d75,eye,../static/stimuli/images/volcano/sun_amntiizmakyntrnx.jpg,False,-1,True,True,900.0,eye,408.0,1308.0,correct
w740fdc6,pig,../static/stimuli/images/warehouse/sun_aibppakephiqqqrb.jpg,True,-1,False,False,3584.0,cat,1366.0,4950.0,other
w740fdc6,truck,../static/stimuli/images/beach/sun_acbeypdvskqxwbrf.jpg,False,-1,False,False,1123.0,truck,1185.0,2308.0,correct
w740fdc6,apple,../static/stimuli/images/gym/sun_appsvbfzhwrmtrje.jpg,False,-1,False,False,4062.0,box,1030.0,5092.0,other
w740fdc6,milk,../static/stimuli/images/musuem/sun_aqrchpiffnzkysmc.jpg,False,-1,False,False,4467.0,milk,1441.0,5908.0,intrusion
w740fdc6,egg,../static/stimuli/images/windmill/sun_adstnygbbvkhooog.jpg,False,-1,False,False,972.0,egg,965.0,1937.0,correct
w740fdc6,rabbit,../static/stimuli/images/campsite/sun_arwteuvpegqctvcg.jpg,False,-1,False,False,3728.0,cat,1036.0,4764.0,other
w740fdc6,nut,../static/stimuli/images/auditorium/sun_amogjvmhqoxmxbyg.jpg,False,-1,False,False,1041.0,nut,1000.0,2041.0,correct
w740fdc6,jeans,../static/stimuli/images/restaurant/sun_agxfoksoiibofpna.jpg,False,-1,False,False,3326.0,,0.0,3326.0,empty
w740fdc6,volcano,../static/stimuli/images/pool/sun_abmafiafisngvteo.jpg,False,-1,False,False,2098.000000000029,volcano,1598.999999999971,3697.0,correct
w740fdc6,bird,../static/stimuli/images/vineyard/sun_aioxamlvtxhpnzzt.jpg,False,-1,False,False,1523.0,,0.0,1523.0,empty
w740fdc6,eye,../static/stimuli/images/grocery/sun_ajxqnbvuflmzhcig.jpg,False,-1,False,False,3425.0,eye,2998.0,6423.0,correct
w740fdc6,bear,../static/stimuli/images/garage/sun_dswqerijtizeqkhu.jpg,False,-1,False,False,3467.0,bear,1244.0,4711.0,intrusion
w740fdc6,hat,../static/stimuli/images/airport/sun_aqytxlpqgdgggfum.jpg,False,-1,False,False,4254.0,,0.0,4254.0,empty
w740fdc6,potato,../static/stimuli/images/tenniscourt/sun_aizsvornuhzvyvhc.jpg,False,-1,False,False,1501.0,,0.0,1501.0,empty
w740fdc6,horse,../static/stimuli/images/skiresort/sun_adyplaxglzqyoynb.jpg,False,-1,False,False,1921.0,horse,1290.0,3211.0,intrusion
w740fdc6,ear,../static/stimuli/images/house/sun_awyiuqdptibtzfuh.jpg,False,-1,False,False,1837.999999999971,,0.0,1837.999999999971,empty
w740fdc6,flower,../static/stimuli/images/bookstore/sun_auwghripdoxzluuk.jpg,False,-1,False,False,4385.0,,0.0,4385.0,empty
w740fdc6,fence,../static/stimuli/images/tower/sun_afyekzxxqtpzgqni.jpg,False,-1,False,False,4004.0,,0.0,4004.0,empty
w740fdc6,cat,../static/stimuli/images/sky/sun_aboqqlnpqcqfghfo.jpg,False,-1,False,False,1941.999999999971,,2843.0,4784.999999999971,empty
w740fdc6,sand,../static/stimuli/images/ranch/sun_atkydlwjcpmattts.jpg,False,-1,False,False,997.9999999999709,,0.0,997.9999999999709,empty
w740fdc6,toilet,../static/stimuli/images/kitchen/sun_ajmwiafzffjerzeb.jpg,False,-1,False,False,12477.0,,0.0,12477.0,empty
w740fdc6,computer,../static/stimuli/images/computerroom/sun_aagspgyvjmoiytfb.jpg,False,-1,False,False,1146.0,computer,2130.0,3276.0,correct
w740fdc6,bee,../static/stimuli/images/castle/sun_apbjjqvsvrybtdua.jpg,False,-1,False,False,3388.000000000029,,0.0,3388.000000000029,empty
w740fdc6,heart,../static/stimuli/images/roof/sun_aqhqmhidvlrpfhie.jpg,False,-1,False,False,2502.0,fire,570.0,3072.0,intrusion
w740fdc6,drink,../static/stimuli/images/greenhouse/sun_bmnxsjsqwqcaluzf.jpg,False,-1,False,False,1026.000000000029,,0.0,1026.000000000029,empty
w740fdc6,bed,../static/stimuli/images/shoppingmall/sun_asbknkxckcdqmjml.jpg,False,-1,False,False,4285.0,ball,1256.000000000029,5541.000000000029,intrusion
w740fdc6,candle,../static/stimuli/images/waterfall/sun_amyxrbqiudksvqun.jpg,False,-1,False,False,1274.0,candle,991.0,2265.0,correct
w740fdc6,dog,../static/stimuli/images/ziggurat/sun_adajysluigplgxal.jpg,False,-1,False,False,1665.0,dog,584.0,2249.0,correct
w740fdc6,cake,../static/stimuli/images/laundryroom/sun_acnrhsgylwftewpq.jpg,False,-1,False,False,1775.0000000000582,kitchen,1399.9999999999418,3175.0,other
w740fdc6,lawn,../static/stimuli/images/temple/sun_aapfmtbuxevwbxck.jpg,False,-1,False,False,1774.9999999999418,,0.0,1774.9999999999418,empty
w740fdc6,bread,../static/stimuli/images/downtown/sun_bzwgvgvsqqpbjfwc.jpg,False,-1,False,False,953.0,,0.0,953.0,empty
w740fdc6,window,../static/stimuli/images/theater/sun_abnbylturqcwwiuz.jpg,False,-1,False,False,2278.0,window,1246.0,3524.0,correct
w740fdc6,bag,../static/stimuli/images/street/sun_agtpyiscmdidhpgk.jpg,False,-1,False,False,1040.0000000000582,,0.0,1040.0000000000582,empty
w740fdc6,puzzle,../static/stimuli/images/forest/sun_anfpmkqemzwfixbm.jpg,False,-1,False,False,1550.0,puzzle,1765.0,3315.0,correct
w740fdc6,lion,../static/stimuli/images/subway/sun_apgdazdsggmnohcz.jpg,False,-1,False,False,2438.0,,0.0,2438.0,empty
w740fdc6,hay,../static/stimuli/images/river/sun_abktmmreusnujejq.jpg,False,-1,False,False,1754.0,,0.0,1754.0,empty
w740fdc6,duck,../static/stimuli/images/footballfield/sun_afuzusgbewygvixv.jpg,False,-1,False,False,1586.0,duck,940.0,2526.0,intrusion
w740fdc6,bone,../static/stimuli/images/volcano/sun_aacjsxcwmkbgvpmb.jpg,False,-1,False,False,2887.0,bird,935.0,3822.0,other
w740fdc6,door,../static/stimuli/images/railway/sun_azmvasvseueupvyd.jpg,False,-1,False,False,1077.9999999999418,,0.0,1077.9999999999418,empty
w740fdc6,snake,../static/stimuli/images/underwater/sun_aufltyunbkquxrih.jpg,False,-1,False,False,2607.0,,0.0,2607.0,empty
w740fdc6,bag,../static/stimuli/images/street/sun_agtpyiscmdidhpgk.jpg,False,-1,True,True,1837.0,bag,1089.0,2926.0,intrusion
w740fdc6,cat,../static/stimuli/images/sky/sun_aboqqlnpqcqfghfo.jpg,False,-1,True,False,1464.0,cat,1525.0,2989.0,correct
w740fdc6,hat,../static/stimuli/images/airport/sun_aqytxlpqgdgggfum.jpg,False,-1,True,False,2888.0,hat,1639.0000000000582,4527.000000000058,intrusion
w740fdc6,ear,../static/stimuli/images/house/sun_awyiuqdptibtzfuh.jpg,False,-1,True,True,767.9999999999418,ear,1223.0,1990.9999999999418,intrusion
w740fdc6,dog,../static/stimuli/images/ziggurat/sun_adajysluigplgxal.jpg,False,-1,True,True,688.0000000000582,dog,944.9999999999418,1633.0,correct
w740fdc6,bird,../static/stimuli/images/vineyard/sun_aioxamlvtxhpnzzt.jpg,False,-1,True,True,1137.0,bird,1126.0,2263.0,correct
w740fdc6,drink,../static/stimuli/images/greenhouse/sun_bmnxsjsqwqcaluzf.jpg,False,-1,True,True,1279.0,water,1661.0,2940.0,other
w740fdc6,bread,../static/stimuli/images/downtown/sun_bzwgvgvsqqpbjfwc.jpg,False,-1,True,True,620.0,bread,1339.0,1959.0,correct
w740fdc6,egg,../static/stimuli/images/windmill/sun_adstnygbbvkhooog.jpg,False,-1,True,False,3474.0,egg,1083.0,4557.0,correct
w740fdc6,fence,../static/stimuli/images/tower/sun_afyekzxxqtpzgqni.jpg,False,-1,True,True,995.0,fence,1602.0000000000582,2597.000000000058,intrusion
w740fdc6,lawn,../static/stimuli/images/temple/sun_aapfmtbuxevwbxck.jpg,False,-1,True,False,1616.9999999999418,lawn,873.0000000000582,2490.0,correct
w740fdc6,milk,../static/stimuli/images/musuem/sun_aqrchpiffnzkysmc.jpg,False,-1,True,True,508.0000000000582,milk,937.0,1445.0000000000582,intrusion
w740fdc6,bed,../static/stimuli/images/shoppingmall/sun_asbknkxckcdqmjml.jpg,False,-1,True,True,713.0,bed,1037.0,1750.0,correct
w740fdc6,bear,../static/stimuli/images/garage/sun_dswqerijtizeqkhu.jpg,False,-1,True,True,573.0,bear,1340.0,1913.0,intrusion
w740fdc6,flower,../static/stimuli/images/bookstore/sun_auwghripdoxzluuk.jpg,False,-1,True,False,843.0,flower,1766.0,2609.0,intrusion
w740fdc6,apple,../static/stimuli/images/gym/sun_appsvbfzhwrmtrje.jpg,False,-1,True,False,967.0,apple,1775.0,2742.0,correct
w740fdc6,truck,../static/stimuli/images/beach/sun_acbeypdvskqxwbrf.jpg,False,-1,True,False,644.0,horse,1249.0,1893.0,intrusion
w740fdc6,window,../static/stimuli/images/theater/sun_abnbylturqcwwiuz.jpg,False,-1,True,True,771.0,window,2452.0,3223.0,correct
w740fdc6,volcano,../static/stimuli/images/pool/sun_abmafiafisngvteo.jpg,False,-1,True,True,1315.0,volcano,3617.0000000001164,4932.000000000116,correct
w740fdc6,pig,../static/stimuli/images/warehouse/sun_aibppakephiqqqrb.jpg,False,-1,True,False,1079.0,pig,1013.0000000001164,2092.0000000001164,correct
w740fdc6,puzzle,../static/stimuli/images/forest/sun_anfpmkqemzwfixbm.jpg,False,-1,True,False,1047.0000000001164,puzzle,1968.9999999998836,3016.0,correct
w740fdc6,door,../static/stimuli/images/railway/sun_azmvasvseueupvyd.jpg,False,-1,True,True,988.0,door,805.0,1793.0,intrusion
w740fdc6,duck,../static/stimuli/images/footballfield/sun_afuzusgbewygvixv.jpg,False,-1,True,False,1029.0,duck,917.0,1946.0,intrusion
w740fdc6,rabbit,../static/stimuli/images/campsite/sun_arwteuvpegqctvcg.jpg,False,-1,True,True,2000.0,rabbit,2689.0,4689.0,correct
w740fdc6,potato,../static/stimuli/images/tenniscourt/sun_aizsvornuhzvyvhc.jpg,False,-1,True,False,1793.0,potato,1739.0,3532.0,correct
w740fdc6,jeans,../static/stimuli/images/restaurant/sun_agxfoksoiibofpna.jpg,False,-1,True,False,1359.0,jeans,1114.0,2473.0,correct
w740fdc6,horse,../static/stimuli/images/skiresort/sun_adyplaxglzqyoynb.jpg,False,-1,True,False,1825.0,horse,2850.0,4675.0,intrusion
w740fdc6,bone,../static/stimuli/images/volcano/sun_aacjsxcwmkbgvpmb.jpg,False,-1,True,False,3690.0,bone,1383.0,5073.0,intrusion
w740fdc6,hay,../static/stimuli/images/river/sun_abktmmreusnujejq.jpg,False,-1,True,False,1521.0,hay,1086.0,2607.0,intrusion
w740fdc6,lion,../static/stimuli/images/subway/sun_apgdazdsggmnohcz.jpg,False,-1,True,True,616.0,lion,1768.0,2384.0,correct
w740fdc6,cake,../static/stimuli/images/laundryroom/sun_acnrhsgylwftewpq.jpg,False,-1,True,True,695.0,cake,746.0,1441.0,intrusion
w740fdc6,eye,../static/stimuli/images/grocery/sun_ajxqnbvuflmzhcig.jpg,False,-1,True,False,1073.9999999998836,eye,924.0,1997.9999999998836,correct
w740fdc6,candle,../static/stimuli/images/waterfall/sun_amyxrbqiudksvqun.jpg,False,-1,True,False,955.0,candle,1235.0,2190.0,correct
w740fdc6,toilet,../static/stimuli/images/kitchen/sun_ajmwiafzffjerzeb.jpg,False,-1,True,False,1070.0,toilet,1350.0,2420.0,correct
w740fdc6,nut,../static/stimuli/images/auditorium/sun_amogjvmhqoxmxbyg.jpg,False,-1,True,True,664.0,nut,794.0,1458.0,correct
w740fdc6,heart,../static/stimuli/images/roof/sun_aqhqmhidvlrpfhie.jpg,False,-1,True,True,1250.0,heart,1071.0,2321.0,intrusion
w740fdc6,snake,../static/stimuli/images/underwater/sun_aufltyunbkquxrih.jpg,False,-1,True,True,868.0,snake,854.0,1722.0,correct
w740fdc6,bee,../static/stimuli/images/castle/sun_apbjjqvsvrybtdua.jpg,False,-1,True,False,1765.0,bee,1008.0,2773.0,intrusion
w740fdc6,computer,../static/stimuli/images/computerroom/sun_aagspgyvjmoiytfb.jpg,False,-1,True,False,875.0,computer,1553.0,2428.0,correct
w740fdc6,sand,../static/stimuli/images/ranch/sun_atkydlwjcpmattts.jpg,False,-1,True,True,787.0,sand,1006.0,1793.0,intrusion
w740fdc6,bird,../static/stimuli/images/vineyard/sun_aioxamlvtxhpnzzt.jpg,False,-1,True,False,2115.9999999998836,bird,1914.0,4029.9999999998836,correct
w740fdc6,lawn,../static/stimuli/images/temple/sun_aapfmtbuxevwbxck.jpg,False,-1,True,True,1148.0,lawn,1652.0,2800.0,correct
w740fdc6,window,../static/stimuli/images/theater/sun_abnbylturqcwwiuz.jpg,False,-1,True,False,1115.9999999998836,window,1522.0,2637.9999999998836,correct
w740fdc6,bee,../static/stimuli/images/castle/sun_apbjjqvsvrybtdua.jpg,False,-1,True,True,468.0,bee,1228.0,1696.0,intrusion
w740fdc6,egg,../static/stimuli/images/windmill/sun_adstnygbbvkhooog.jpg,False,-1,True,True,963.0,egg,905.0,1868.0,correct
w740fdc6,cake,../static/stimuli/images/laundryroom/sun_acnrhsgylwftewpq.jpg,False,-1,True,False,1783.0000000001164,cake,720.9999999998836,2504.0,intrusion
w740fdc6,flower,../static/stimuli/images/bookstore/sun_auwghripdoxzluuk.jpg,False,-1,True,True,527.0,flower,1278.0,1805.0,intrusion
w740fdc6,door,../static/stimuli/images/railway/sun_azmvasvseueupvyd.jpg,False,-1,True,False,849.0,door,830.0,1679.0,intrusion
w740fdc6,horse,../static/stimuli/images/skiresort/sun_adyplaxglzqyoynb.jpg,False,-1,True,True,1294.0,horse,1054.0,2348.0,intrusion
w740fdc6,heart,../static/stimuli/images/roof/sun_aqhqmhidvlrpfhie.jpg,False,-1,True,False,1037.9999999998836,heart,1028.0,2065.9999999998836,intrusion
w740fdc6,cat,../static/stimuli/images/sky/sun_aboqqlnpqcqfghfo.jpg,False,-1,True,True,588.0,cat,842.0000000001164,1430.0000000001164,correct
w740fdc6,bear,../static/stimuli/images/garage/sun_dswqerijtizeqkhu.jpg,False,-1,True,False,1099.0,bear,1091.0,2190.0,intrusion
w740fdc6,milk,../static/stimuli/images/musuem/sun_aqrchpiffnzkysmc.jpg,False,-1,True,False,1041.0,milk,1170.0000000001164,2211.0000000001164,intrusion
w740fdc6,apple,../static/stimuli/images/gym/sun_appsvbfzhwrmtrje.jpg,False,-1,True,True,617.9999999998836,apple,1014.0,1631.9999999998836,correct
w740fdc6,fence,../static/stimuli/images/tower/sun_afyekzxxqtpzgqni.jpg,False,-1,True,False,1600.0000000001164,fence,1473.9999999998836,3074.0,intrusion
w740fdc6,drink,../static/stimuli/images/greenhouse/sun_bmnxsjsqwqcaluzf.jpg,False,-1,True,False,972.0,water,1419.0,2391.0,other
w740fdc6,nut,../static/stimuli/images/auditorium/sun_amogjvmhqoxmxbyg.jpg,False,-1,True,False,912.0,nut,720.0,1632.0,correct
w740fdc6,duck,../static/stimuli/images/footballfield/sun_afuzusgbewygvixv.jpg,False,-1,True,True,824.0,duck,806.0,1630.0,intrusion
w740fdc6,puzzle,../static/stimuli/images/forest/sun_anfpmkqemzwfixbm.jpg,False,-1,True,True,666.0,puzzle,1431.0,2097.0,correct
w740fdc6,bed,../static/stimuli/images/shoppingmall/sun_asbknkxckcdqmjml.jpg,False,-1,True,False,1280.9999999998836,bed,787.0,2067.9999999998836,correct
w740fdc6,volcano,../static/stimuli/images/pool/sun_abmafiafisngvteo.jpg,False,-1,True,False,1178.0,volcano,1426.0,2604.0,correct
w740fdc6,dog,../static/stimuli/images/ziggurat/sun_adajysluigplgxal.jpg,False,-1,True,False,1075.0,dog,597.0,1672.0,correct
w740fdc6,snake,../static/stimuli/images/underwater/sun_aufltyunbkquxrih.jpg,False,-1,True,False,897.0,snake,822.0,1719.0,correct
w740fdc6,rabbit,../static/stimuli/images/campsite/sun_arwteuvpegqctvcg.jpg,False,-1,True,False,1114.0,rabbit,1253.0,2367.0,correct
w740fdc6,bread,../static/stimuli/images/downtown/sun_bzwgvgvsqqpbjfwc.jpg,False,-1,True,False,1313.0,bread,1266.0,2579.0,correct
w740fdc6,bone,../static/stimuli/images/volcano/sun_aacjsxcwmkbgvpmb.jpg,False,-1,True,True,1559.0000000001164,bone,854.9999999998836,2414.0,intrusion
w740fdc6,truck,../static/stimuli/images/beach/sun_acbeypdvskqxwbrf.jpg,False,-1,True,True,1768.0,truck,1233.0,3001.0,correct
w740fdc6,ear,../static/stimuli/images/house/sun_awyiuqdptibtzfuh.jpg,False,-1,True,False,9992.0,walk,823.0,10815.0,intrusion
w740fdc6,computer,../static/stimuli/images/computerroom/sun_aagspgyvjmoiytfb.jpg,False,-1,True,True,842.0,computer,1420.0,2262.0,correct
w740fdc6,lion,../static/stimuli/images/subway/sun_apgdazdsggmnohcz.jpg,False,-1,True,False,8439.999999999884,lion,1610.0,10049.999999999884,correct
w740fdc6,toilet,../static/stimuli/images/kitchen/sun_ajmwiafzffjerzeb.jpg,False,-1,True,True,886.0000000001164,toilet,1228.9999999998836,2115.0,correct
w740fdc6,candle,../static/stimuli/images/waterfall/sun_amyxrbqiudksvqun.jpg,False,-1,True,True,752.0,candle,947.0,1699.0,correct
w740fdc6,eye,../static/stimuli/images/grocery/sun_ajxqnbvuflmzhcig.jpg,False,-1,True,True,675.0,eye,1886.0,2561.0,correct
w740fdc6,hay,../static/stimuli/images/river/sun_abktmmreusnujejq.jpg,False,-1,True,True,767.0,hay,758.0000000001164,1525.0000000001164,intrusion
w740fdc6,bag,../static/stimuli/images/street/sun_agtpyiscmdidhpgk.jpg,False,-1,True,False,3192.0,fire,1129.0,4321.0,intrusion
w740fdc6,potato,../static/stimuli/images/tenniscourt/sun_aizsvornuhzvyvhc.jpg,False,-1,True,True,633.0,potato,1485.0,2118.0,correct
w740fdc6,pig,../static/stimuli/images/warehouse/sun_aibppakephiqqqrb.jpg,False,-1,True,True,425.0,pig,632.0,1057.0,correct
w740fdc6,sand,../static/stimuli/images/ranch/sun_atkydlwjcpmattts.jpg,False,-1,True,False,2080.0000000001164,sand,868.9999999998836,2949.0,intrusion
w740fdc6,jeans,../static/stimuli/images/restaurant/sun_agxfoksoiibofpna.jpg,False,-1,True,True,492.0000000001164,jeans,1005.9999999998836,1498.0,correct
w740fdc6,hat,../static/stimuli/images/airport/sun_aqytxlpqgdgggfum.jpg,False,-1,True,True,817.0,hat,773.0,1590.0,intrusion
wa00dc3a,potato,../static/stimuli/images/subway/sun_apsbdxitmzdgpeyn.jpg,True,-1,False,False,7522.699999999255,chair,983.5,8506.199999999255,other
wa00dc3a,window,../static/stimuli/images/kitchen/sun_axvexejcndazoqxl.jpg,False,-1,False,False,5708.300000000745,bread,1122.0999999996275,6830.4000000003725,other
wa00dc3a,bed,../static/stimuli/images/street/sun_avddlmbtwpvlxdol.jpg,False,-1,False,False,3439.0,pig,2157.5999999996275,5596.5999999996275,other
wa00dc3a,door,../static/stimuli/images/airport/sun_ammfdrzrfvjsqahx.jpg,False,-1,False,False,1865.0999999996275,door,677.0,2542.0999999996275,intrusion
wa00dc3a,fence,../static/stimuli/images/beach/sun_aabhqzsffoeycgje.jpg,False,-1,False,False,8862.900000000373,ear,509.59999999962747,9372.5,intrusion
wa00dc3a,nut,../static/stimuli/images/footballfield/sun_bytuhfnudnbsojli.jpg,False,-1,False,False,4727.800000000745,nut,913.0,5640.800000000745,correct
wa00dc3a,bone,../static/stimuli/images/ranch/sun_airsfxbouimobamd.jpg,False,-1,False,False,9714.900000000373,hear,1930.5999999996275,11645.5,intrusion
wa00dc3a,duck,../static/stimuli/images/forest/sun_almbxcurjahdxery.jpg,False,-1,False,False,6724.5,lawn,883.0999999996275,7607.5999999996275,other
wa00dc3a,jeans,../static/stimuli/images/downtown/sun_bubeehcgngkyqymr.jpg,False,-1,False,False,9871.599999999627,bone,717.5999999996275,10589.199999999255,intrusion
wa00dc3a,egg,../static/stimuli/images/garage/sun_dswqerijtizeqkhu.jpg,False,-1,False,False,5308.0,egg,775.0,6083.0,correct
wa00dc3a,bag,../static/stimuli/images/house/sun_awyiuqdptibtzfuh.jpg,False,-1,False,False,10054.60000000149,house,767.5,10822.10000000149,intrusion
wa00dc3a,lawn,../static/stimuli/images/vineyard/sun_axkbfhmkopqemnsq.jpg,False,-1,False,False,3983.0,lawn,760.8000000007451,4743.800000000745,correct
wa00dc3a,bread,../static/stimuli/images/windmill/sun_ahkhvvnvkjevxvvu.jpg,False,-1,False,False,2053.699999999255,wind,1401.9000000003725,3455.5999999996275,intrusion
wa00dc3a,rabbit,../static/stimuli/images/castle/sun_alsmelmsufuoupht.jpg,False,-1,False,False,7655.0999999996275,rabbit,1343.0,8998.099999999627,correct
wa00dc3a,hay,../static/stimuli/images/sky/sun_ampvdpptptmciwok.jpg,False,-1,False,False,5461.5999999996275,hay,1526.0,6987.5999999996275,intrusion
wa00dc3a,drink,../static/stimuli/images/tower/sun_afyekzxxqtpzgqni.jpg,False,-1,False,False,1683.300000000745,drink,1020.5,2703.800000000745,intrusion
wa00dc3a,bear,../static/stimuli/images/volcano/sun_aojnxwnexkwltvvx.jpg,False,-1,False,False,6763.200000001118,bear,749.9000000003725,7513.10000000149,intrusion
wa00dc3a,volcano,../static/stimuli/images/auditorium/sun_ahxfbcfdtvgnrivf.jpg,False,-1,False,False,1446.5,chair,809.0,2255.5,other
wa00dc3a,bee,../static/stimuli/images/shoppingmall/sun_avicxzccipgymejx.jpg,False,-1,False,False,6533.300000000745,bee,649.0,7182.300000000745,intrusion
wa00dc3a,hat,../static/stimuli/images/tenniscourt/sun_abhryuvnxasmofva.jpg,False,-1,False,False,7185.599999997765,hat,517.9000000022352,7703.5,intrusion
wa00dc3a,heart,../static/stimuli/images/river/sun_auvfucpnqlcaddzs.jpg,False,-1,False,False,1677.4000000022352,water,807.6999999992549,2485.10000000149,other
wa00dc3a,sand,../static/stimuli/images/skiresort/sun_agehhpppqkifjwhn.jpg,False,-1,False,False,4405.400000002235,pan,636.7999999970198,5042.199999999255,other
wa00dc3a,eye,../static/stimuli/images/roof/sun_aqxzijexicadnjja.jpg,False,-1,False,False,4222.60000000149,eye,857.5999999977648,5080.199999999255,correct
wa00dc3a,cat,../static/stimuli/images/gym/sun_awstzxompuovdfck.jpg,False,-1,False,False,7602.10000000149,car,3043.0,10645.10000000149,intrusion
wa00dc3a,dog,../static/stimuli/images/railway/sun_atutomffrubpoiva.jpg,False,-1,False,False,2805.400000002235,train,1567.0999999977648,4372.5,other
wa00dc3a,lion,../static/stimuli/images/ziggurat/fig2.png,False,-1,False,False,1436.4000000022352,lion,882.5999999977648,2319.0,correct
wa00dc3a,candle,../static/stimuli/images/bookstore/sun_avqoszezjldwidcy.jpg,False,-1,False,False,7832.0,candle,1356.5999999977648,9188.599999997765,correct
wa00dc3a,apple,../static/stimuli/images/underwater/sun_axbjbqawtejfugwt.jpg,False,-1,False,False,2787.699999999255,dive,1423.1000000014901,4210.800000000745,intrusion
wa00dc3a,ear,../static/stimuli/images/musuem/sun_ayrwspiydnlwhouo.jpg,False,-1,False,False,1816.6000000014901,art,535.8999999985099,2352.5,intrusion
wa00dc3a,milk,../static/stimuli/images/restaurant/sun_agizngsilvvsycgq.jpg,False,-1,False,False,11152.599999997765,sand,912.6000000014901,12065.199999999255,intrusion
wa00dc3a,computer,../static/stimuli/images/waterfall/sun_acijjmbhzvfdnsrt.jpg,False,-1,False,False,4231.199999999255,computer,2527.099999997765,6758.29999999702,correct
wa00dc3a,toilet,../static/stimuli/images/campsite/sun_ahvodfpzghaczear.jpg,False,-1,False,False,1253.699999999255,tent,956.8000000007451,2210.5,other
wa00dc3a,truck,../static/stimuli/images/theater/sun_arhrqrqrgyhlozgq.jpg,False,-1,False,False,2423.699999999255,sing,725.0,3148.699999999255,intrusion
wa00dc3a,cake,../static/stimuli/images/warehouse/sun_ainoacwsquefrlbr.jpg,False,-1,False,False,4018.10000000149,cake,577.5999999977648,4595.699999999255,intrusion
wa00dc3a,bird,../static/stimuli/images/grocery/sun_ahmoznrxomkgrris.jpg,False,-1,False,False,1368.9000000022352,food,804.8999999985099,2173.800000000745,other
wa00dc3a,horse,../static/stimuli/images/temple/sun_aeurbzlgbulzilum.jpg,False,-1,False,False,4153.800000000745,horse,4057.89999999851,8211.699999999255,intrusion
wa00dc3a,snake,../static/stimuli/images/greenhouse/sun_amgolruftenzsoay.jpg,False,-1,False,False,2146.199999999255,green,1077.199999999255,3223.39999999851,other
wa00dc3a,flower,../static/stimuli/images/computerroom/sun_adsueslplqfnwvqd.jpg,False,-1,False,False,1868.0,desk,1656.3999999985099,3524.39999999851,other
wa00dc3a,puzzle,../static/stimuli/images/laundryroom/sun_acnrhsgylwftewpq.jpg,False,-1,False,False,7814.0,wash,2626.89999999851,10440.89999999851,other
wa00dc3a,pig,../static/stimuli/images/pool/sun_alkvkavnnunmdavq.jpg,False,-1,False,False,1651.800000000745,pond,1698.0999999977648,3349.89999999851,intrusion
wa00dc3a,bread,../static/stimuli/images/windmill/sun_ahkhvvnvkjevxvvu.jpg,False,-1,True,True,1831.2000000029802,loaf,1137.8999999985099,2969.10000000149,intrusion
wa00dc3a,cat,../static/stimuli/images/gym/sun_awstzxompuovdfck.jpg,False,-1,True,False,9176.89999999851,berue,2016.800000000745,11193.699999999255,other
wa00dc3a,egg,../static/stimuli/images/garage/sun_dswqerijtizeqkhu.jpg,False,-1,True,True,1322.300000000745,yolk,1765.8999999985099,3088.199999999255,intrusion
wa00dc3a,rabbit,../static/stimuli/images/castle/sun_alsmelmsufuoupht.jpg,False,-1,True,True,889.5,hare,2121.699999999255,3011.199999999255,intrusion
wa00dc3a,milk,../static/stimuli/images/restaurant/sun_agizngsilvvsycgq.jpg,False,-1,True,True,10909.800000000745,skim,860.5,11770.300000000745,intrusion
wa00dc3a,pig,../static/stimuli/images/pool/sun_alkvkavnnunmdavq.jpg,False,-1,True,False,10181.5,canvas,1255.6000000014901,11437.10000000149,other
wa00dc3a,candle,../static/stimuli/images/bookstore/sun_avqoszezjldwidcy.jpg,False,-1,True,False,14688.599999997765,,,,timeout
wa00dc3a,bone,../static/stimuli/images/ranch/sun_airsfxbouimobamd.jpg,False,-1,True,False,1032.8999999985099,salve,2224.10000000149,3257.0,intrusion
wa00dc3a,ear,../static/stimuli/images/musuem/sun_ayrwspiydnlwhouo.jpg,False,-1,True,False,877.8999999985099,proton,1377.0,2254.89999999851,other
wa00dc3a,bag,../static/stimuli/images/house/sun_awyiuqdptibtzfuh.jpg,False,-1,True,True,396.5,tote,715.0,1111.5,intrusion
wa00dc3a,potato,../static/stimuli/images/subway/sun_apsbdxitmzdgpeyn.jpg,False,-1,True,True,323.19999999925494,spud,770.0,1093.199999999255,intrusion
wa00dc3a,jeans,../static/stimuli/images/downtown/sun_bubeehcgngkyqymr.jpg,False,-1,True,False,353.5,jeans,10387.70000000298,10741.20000000298,correct
wa00dc3a,drink,../static/stimuli/images/tower/sun_afyekzxxqtpzgqni.jpg,False,-1,True,False,387.69999999925494,drink,2869.10000000149,3256.800000000745,intrusion
wa00dc3a,bird,../static/stimuli/images/grocery/sun_ahmoznrxomkgrris.jpg,False,-1,True,True,421.8999999985099,finch,1005.0,1426.8999999985099,intrusion
wa00dc3a,volcano,../static/stimuli/images/auditorium/sun_ahxfbcfdtvgnrivf.jpg,False,-1,True,True,524.8999999985099,erupt,1640.5,2165.39999999851,intrusion
wa00dc3a,dog,../static/stimuli/images/railway/sun_atutomffrubpoiva.jpg,False,-1,True,True,281.19999999925494,hound,782.9000000022352,1064.1000000014901,intrusion
wa00dc3a,eye,../static/stimuli/images/roof/sun_aqxzijexicadnjja.jpg,False,-1,True,True,601.5,retina,1763.8999999985099,2365.39999999851,intrusion
wa00dc3a,hat,../static/stimuli/images/tenniscourt/sun_abhryuvnxasmofva.jpg,False,-1,True,True,336.3999999985099,fedora,1480.8999999985099,1817.2999999970198,intrusion
wa00dc3a,lawn,../static/stimuli/images/vineyard/sun_axkbfhmkopqemnsq.jpg,False,-1,True,True,347.19999999925494,mower,902.8999999985099,1250.0999999977648,intrusion
wa00dc3a,lion,../static/stimuli/images/ziggurat/fig2.png,False,-1,True,True,854.3999999985099,lion,1044.699999999255,1899.0999999977648,correct
wa00dc3a,snake,../static/stimuli/images/greenhouse/sun_amgolruftenzsoay.jpg,False,-1,True,False,6887.400000002235,snake,1112.0,7999.400000002235,correct
wa00dc3a,truck,../static/stimuli/images/theater/sun_arhrqrqrgyhlozgq.jpg,False,-1,True,True,1819.9000000022352,pickup,1443.8999999985099,3263.800000000745,intrusion
wa00dc3a,door,../static/stimuli/images/airport/sun_ammfdrzrfvjsqahx.jpg,False,-1,True,False,1045.800000000745,bazaer,1694.0999999977648,2739.89999999851,other
wa00dc3a,fence,../static/stimuli/images/beach/sun_aabhqzsffoeycgje.jpg,False,-1,True,False,527.1999999992549,deer,1062.8999999985099,1590.0999999977648,other
wa00dc3a,bed,../static/stimuli/images/street/sun_avddlmbtwpvlxdol.jpg,False,-1,True,False,8162.10000000149,shark,1013.5,9175.60000000149,intrusion
wa00dc3a,apple,../static/stimuli/images/underwater/sun_axbjbqawtejfugwt.jpg,False,-1,True,False,6664.0,apple,1939.0,8603.0,correct
wa00dc3a,flower,../static/stimuli/images/computerroom/sun_adsueslplqfnwvqd.jpg,False,-1,True,False,1069.199999999255,bubbly,2548.89999999851,3618.099999997765,intrusion
wa00dc3a,puzzle,../static/stimuli/images/laundryroom/sun_acnrhsgylwftewpq.jpg,False,-1,True,False,429.3999999985099,nudge,1411.1000000014901,1840.5,other
wa00dc3a,hay,../static/stimuli/images/sky/sun_ampvdpptptmciwok.jpg,False,-1,True,False,7648.300000000745,hay,564.0,8212.300000000745,intrusion
wa00dc3a,duck,../static/stimuli/images/forest/sun_almbxcurjahdxery.jpg,False,-1,True,False,7001.39999999851,duck,612.6000000014901,7614.0,intrusion
wa00dc3a,bear,../static/stimuli/images/volcano/sun_aojnxwnexkwltvvx.jpg,False,-1,True,True,273.0,bear,3011.0,3284.0,intrusion
wa00dc3a,toilet,../static/stimuli/images/campsite/sun_ahvodfpzghaczear.jpg,False,-1,True,False,2614.39999999851,toll,791.5,3405.89999999851,intrusion
wa00dc3a,cake,../static/stimuli/images/warehouse/sun_ainoacwsquefrlbr.jpg,False,-1,True,True,1211.699999999255,cake,523.0,1734.699999999255,intrusion
wa00dc3a,bee,../static/stimuli/images/shoppingmall/sun_avicxzccipgymejx.jpg,False,-1,True,True,1241.9000000022352,bee,531.8999999985099,1773.800000000745,intrusion
wa00dc3a,heart,../static/stimuli/images/river/sun_auvfucpnqlcaddzs.jpg,False,-1,True,True,1558.4000000022352,a,1531.5999999977648,3090.0,empty
wa00dc3a,sand,../static/stimuli/images/skiresort/sun_agehhpppqkifjwhn.jpg,False,-1,True,False,13589.5,raid,523.1000000014901,14112.60000000149,other
wa00dc3a,window,../static/stimuli/images/kitchen/sun_axvexejcndazoqxl.jpg,False,-1,True,True,,,,,timeout
wa00dc3a,computer,../static/stimuli/images/waterfall/sun_acijjmbhzvfdnsrt.jpg,False,-1,True,True,1434.300000000745,computer,2018.0,3452.300000000745,correct
wa00dc3a,nut,../static/stimuli/images/footballfield/sun_bytuhfnudnbsojli.jpg,False,-1,True,False,1454.800000000745,game,734.8000000007451,2189.60000000149,intrusion
wa00dc3a,horse,../static/stimuli/images/temple/sun_aeurbzlgbulzilum.jpg,False,-1,True,False,5215.5,horse,1856.9000000022352,7072.400000002235,intrusion
wa00dc3a,egg,../static/stimuli/images/garage/sun_dswqerijtizeqkhu.jpg,False,-1,True,False,12280.5,cat,534.5999999977648,12815.099999997765,other
wa00dc3a,bread,../static/stimuli/images/windmill/sun_ahkhvvnvkjevxvvu.jpg,False,-1,True,False,13126.900000002235,cat,638.3999999985099,13765.300000000745,other
wa00dc3a,eye,../static/stimuli/images/roof/sun_aqxzijexicadnjja.jpg,False,-1,True,False,3267.89999999851,eye,810.0,4077.89999999851,correct
wa00dc3a,snake,../static/stimuli/images/greenhouse/sun_amgolruftenzsoay.jpg,False,-1,True,True,6270.699999999255,snake,843.4000000022352,7114.10000000149,correct
wa00dc3a,heart,../static/stimuli/images/river/sun_auvfucpnqlcaddzs.jpg,False,-1,True,False,11154.5,rivir,1109.5,12264.0,other
wa00dc3a,bone,../static/stimuli/images/ranch/sun_airsfxbouimobamd.jpg,False,-1,True,True,11167.39999999851,bone,657.4000000022352,11824.800000000745,intrusion
wa00dc3a,hat,../static/stimuli/images/tenniscourt/sun_abhryuvnxasmofva.jpg,False,-1,True,False,5988.900000002235,hat,415.79999999701977,6404.699999999255,intrusion
wa00dc3a,bed,../static/stimuli/images/street/sun_avddlmbtwpvlxdol.jpg,False,-1,True,True,5617.400000002235,bed,599.0,6216.400000002235,correct
wa00dc3a,sand,../static/stimuli/images/skiresort/sun_agehhpppqkifjwhn.jpg,False,-1,True,True,9982.70000000298,land,663.5,10646.20000000298,other
wa00dc3a,window,../static/stimuli/images/kitchen/sun_axvexejcndazoqxl.jpg,False,-1,True,False,10919.300000000745,yard,820.3999999985099,11739.699999999255,intrusion
wa00dc3a,cat,../static/stimuli/images/gym/sun_awstzxompuovdfck.jpg,False,-1,True,True,779.0999999977648,cat,391.80000000074506,1170.8999999985099,correct
wa00dc3a,candle,../static/stimuli/images/bookstore/sun_avqoszezjldwidcy.jpg,False,-1,True,True,8537.89999999851,candle,1202.5,9740.39999999851,correct
wa00dc3a,toilet,../static/stimuli/images/campsite/sun_ahvodfpzghaczear.jpg,False,-1,True,True,9706.0,toilet,3674.60000000149,13380.60000000149,correct
wa00dc3a,bee,../static/stimuli/images/shoppingmall/sun_avicxzccipgymejx.jpg,False,-1,True,False,1089.5,bee,768.2000000029802,1857.7000000029802,intrusion
wa00dc3a,drink,../static/stimuli/images/tower/sun_afyekzxxqtpzgqni.jpg,False,-1,True,True,1194.8999999985099,drink,1182.1000000014901,2377.0,intrusion
wa00dc3a,truck,../static/stimuli/images/theater/sun_arhrqrqrgyhlozgq.jpg,False,-1,True,False,14441.60000000149,,,,timeout
wa00dc3a,pig,../static/stimuli/images/pool/sun_alkvkavnnunmdavq.jpg,False,-1,True,True,3268.0,pig,699.1000000014901,3967.10000000149,correct
wa00dc3a,door,../static/stimuli/images/airport/sun_ammfdrzrfvjsqahx.jpg,False,-1,True,True,6906.599999997765,door,661.6000000014901,7568.199999999255,intrusion
wa00dc3a,milk,../static/stimuli/images/restaurant/sun_agizngsilvvsycgq.jpg,False,-1,True,False,11523.60000000149,milk,1037.3999999985099,12561.0,intrusion
wa00dc3a,fence,../static/stimuli/images/beach/sun_aabhqzsffoeycgje.jpg,False,-1,True,True,9017.0,fence,955.6000000014901,9972.60000000149,intrusion
wa00dc3a,lawn,../static/stimuli/images/vineyard/sun_axkbfhmkopqemnsq.jpg,False,-1,True,False,12141.900000002235,lawn,671.3999999985099,12813.300000000745,correct
wa00dc3a,bird,../static/stimuli/images/grocery/sun_ahmoznrxomkgrris.jpg,False,-1,True,False,2374.0,logs,657.0,3031.0,intrusion
wa00dc3a,ear,../static/stimuli/images/musuem/sun_ayrwspiydnlwhouo.jpg,False,-1,True,True,8027.60000000149,ear,667.6000000014901,8695.20000000298,intrusion
wa00dc3a,flower,../static/stimuli/images/computerroom/sun_adsueslplqfnwvqd.jpg,False,-1,True,True,1817.800000000745,flower,1011.8999999985099,2829.699999999255,intrusion
wa00dc3a,duck,../static/stimuli/images/forest/sun_almbxcurjahdxery.jpg,False,-1,True,True,890.5,duck,726.0,1616.5,intrusion
wa00dc3a,volcano,../static/stimuli/images/auditorium/sun_ahxfbcfdtvgnrivf.jpg,False,-1,True,False,8731.60000000149,volcano,3265.39999999851,11997.0,correct
wa00dc3a,bag,../static/stimuli/images/house/sun_awyiuqdptibtzfuh.jpg,False,-1,True,False,5098.199999999255,bag,656.0,5754.199999999255,intrusion
wa00dc3a,cake,../static/stimuli/images/warehouse/sun_ainoacwsquefrlbr.jpg,False,-1,True,False,5574.0,cake,561.1000000014901,6135.10000000149,intrusion
wa00dc3a,dog,../static/stimuli/images/railway/sun_atutomffrubpoiva.jpg,False,-1,True,False,2844.699999999255,train,755.5,3600.199999999255,other
wa00dc3a,hay,../static/stimuli/images/sky/sun_ampvdpptptmciwok.jpg,False,-1,True,True,1161.7999999970198,haqy,572.0,1733.7999999970198,intrusion
wa00dc3a,computer,../static/stimuli/images/waterfall/sun_acijjmbhzvfdnsrt.jpg,False,-1,True,False,12310.099999997765,fall,630.5,12940.599999997765,intrusion
wa00dc3a,bear,../static/stimuli/images/volcano/sun_aojnxwnexkwltvvx.jpg,False,-1,True,False,6551.199999999255,bear,762.0,7313.199999999255,intrusion
wa00dc3a,jeans,../static/stimuli/images/downtown/sun_bubeehcgngkyqymr.jpg,False,-1,True,True,8554.199999999255,jeans,962.0,9516.199999999255,correct
wa00dc3a,lion,../static/stimuli/images/ziggurat/fig2.png,False,-1,True,False,846.5,lion,1505.0,2351.5,correct
wa00dc3a,nut,../static/stimuli/images/footballfield/sun_bytuhfnudnbsojli.jpg,False,-1,True,True,13753.39999999851,bone,450.4000000022352,14203.800000000745,intrusion
wa00dc3a,puzzle,../static/stimuli/images/laundryroom/sun_acnrhsgylwftewpq.jpg,False,-1,True,True,1052.7999999970198,puzzle,4489.0,5541.79999999702,correct
wa00dc3a,rabbit,../static/stimuli/images/castle/sun_alsmelmsufuoupht.jpg,False,-1,True,False,8468.39999999851,rabbit,973.4000000022352,9441.800000000745,correct
wa00dc3a,apple,../static/stimuli/images/underwater/sun_axbjbqawtejfugwt.jpg,False,-1,True,True,3694.89999999851,apple,1760.0,5454.89999999851,correct
wa00dc3a,horse,../static/stimuli/images/temple/sun_aeurbzlgbulzilum.jpg,False,-1,True,True,6546.39999999851,horse,2208.60000000149,8755.0,intrusion
wa00dc3a,potato,../static/stimuli/images/subway/sun_apsbdxitmzdgpeyn.jpg,False,-1,True,False,1419.8999999985099,door,830.9000000022352,2250.800000000745,intrusion
we5e91f8,cake,../static/stimuli/images/campsite/sun_arbodmznqjwtkkya.jpg,True,-1,False,False,7786.0,cat,854.0,8640.0,other
we5e91f8,candle,../static/stimuli/images/footballfield/sun_aadxnjugrvhqyufw.jpg,False,-1,False,False,4661.0,space,973.0000000000291,5634.000000000029,other
we5e91f8,cat,../static/stimuli/images/waterfall/sun_albucmtmstcfpynn.jpg,False,-1,False,False,9554.0,cat,682.0,10236.0,correct
we5e91f8,snake,../static/stimuli/images/warehouse/sun_agdmklchstfjclxg.jpg,False,-1,False,False,5537.0,horse,983.0,6520.0,intrusion
we5e91f8,duck,../static/stimuli/images/shoppingmall/sun_aeqagrktttxaasae.jpg,False,-1,False,False,5305.0,cat,1197.0,6502.0,other
we5e91f8,egg,../static/stimuli/images/tower/sun_afjkdsegpwxewtah.jpg,False,-1,False,False,3594.0,horse,2163.0,5757.0,intrusion
we5e91f8,ear,../static/stimuli/images/tenniscourt/sun_aczifhfuxagmsqub.jpg,False,-1,False,False,11118.0,dog,476.0000000000291,11594.00000000003,other
we5e91f8,bread,../static/stimuli/images/windmill/sun_adstnygbbvkhooog.jpg,False,-1,False,False,8579.0,horse,1124.0,9703.0,intrusion
we5e91f8,computer,../static/stimuli/images/gym/sun_auzbqfsaebhgtrig.jpg,False,-1,False,False,8099.0,apple,695.0,8794.0,other
we5e91f8,bag,../static/stimuli/images/vineyard/sun_adcctdabyxmhioeg.jpg,False,-1,False,False,3057.0,corn,822.0,3879.0,intrusion
we5e91f8,eye,../static/stimuli/images/railway/sun_aprfapnfngmvbixm.jpg,False,-1,False,False,4563.0,dog,851.0000000000291,5414.000000000029,other
we5e91f8,door,../static/stimuli/images/laundryroom/sun_acnrhsgylwftewpq.jpg,False,-1,False,False,6135.0,hat,989.0,7124.0,intrusion
we5e91f8,apple,../static/stimuli/images/volcano/sun_alxwigenocbauhzw.jpg,False,-1,False,False,3898.0,cat,1610.0,5508.0,other
we5e91f8,truck,../static/stimuli/images/sky/sun_agpvigtqjmmxbzwp.jpg,False,-1,False,False,4442.0,horn,1734.0,6176.0,intrusion
we5e91f8,bone,../static/stimuli/images/downtown/sun_aljrvcabwnwkorml.jpg,False,-1,False,False,2917.000000000029,dog,551.0,3468.000000000029,other
we5e91f8,heart,../static/stimuli/images/river/sun_atesawsfypjpyefy.jpg,False,-1,False,False,6600.999999999971,cat,833.0,7433.999999999971,other
we5e91f8,bee,../static/stimuli/images/roof/sun_aqhqmhidvlrpfhie.jpg,False,-1,False,False,1630.0,roof,1346.0,2976.0,intrusion
we5e91f8,lion,../static/stimuli/images/auditorium/sun_amogjvmhqoxmxbyg.jpg,False,-1,False,False,3367.0,chair,996.0,4363.0,other
we5e91f8,dog,../static/stimuli/images/theater/sun_augboomebjfniikq.jpg,False,-1,False,False,4693.0,house,965.0,5658.0,intrusion
we5e91f8,bear,../static/stimuli/images/airport/sun_aajqjnzswlmdcmyl.jpg,False,-1,False,False,2111.0,airport,2417.000000000058,4528.000000000058,other
we5e91f8,lawn,../static/stimuli/images/computerroom/sun_adsueslplqfnwvqd.jpg,False,-1,False,False,5705.0,plate,889.0,6594.0,other
we5e91f8,hay,../static/stimuli/images/bookstore/sun_auwghripdoxzluuk.jpg,False,-1,False,False,3831.999999999942,book,834.0,4665.999999999942,intrusion
we5e91f8,volcano,../static/stimuli/images/grocery/sun_agipdkpovnqrcsgh.jpg,False,-1,False,False,2524.0,drink,1127.0,3651.0,intrusion
we5e91f8,window,../static/stimuli/images/ziggurat/sun_aecdvzqgcesggjrp.jpg,False,-1,False,False,5779.0,corn,648.0000000000582,6427.000000000058,intrusion
we5e91f8,flower,../static/stimuli/images/garage/sun_deomonrjnryvglit.jpg,False,-1,False,False,2099.0,garage,2140.0,4239.0,other
we5e91f8,hat,../static/stimuli/images/musuem/sun_agblrnoilxeknben.jpg,False,-1,False,False,1300.0,art,671.0,1971.0,intrusion
we5e91f8,drink,../static/stimuli/images/beach/sun_abrqamdurwzygcjy.jpg,False,-1,False,False,978.0,wave,886.0,1864.0,intrusion
we5e91f8,toilet,../static/stimuli/images/pool/sun_aahnsyqkaacnevsz.jpg,False,-1,False,False,1014.0,pool,1047.0,2061.0,other
we5e91f8,potato,../static/stimuli/images/kitchen/sun_aibgyrlkgcnwvhxl.jpg,False,-1,False,False,1396.0,kitchen,1303.0,2699.0,other
we5e91f8,milk,../static/stimuli/images/ranch/sun_amqejeymhjlanyvr.jpg,False,-1,False,False,1675.0,cow,847.0,2522.0,other
we5e91f8,sand,../static/stimuli/images/restaurant/sun_agxfoksoiibofpna.jpg,False,-1,False,False,1734.0,table,1280.0,3014.0,intrusion
we5e91f8,fence,../static/stimuli/images/greenhouse/sun_apjhtwdcpezmnlze.jpg,False,-1,False,False,2355.0,tree,880.0,3235.0,intrusion
we5e91f8,rabbit,../static/stimuli/images/skiresort/sun_aqtrvlzivijhozcl.jpg,False,-1,False,False,1304.0,snow,539.0,1843.0,other
we5e91f8,nut,../static/stimuli/images/subway/sun_aoelchwqhnnizmrp.jpg,False,-1,False,False,1413.0,subway,1158.0,2571.0,other
we5e91f8,puzzle,../static/stimuli/images/street/sun_aadhshmrjrbucdky.jpg,False,-1,False,False,2944.0,street,1086.0,4030.0,intrusion
we5e91f8,horse,../static/stimuli/images/castle/sun_alsmelmsufuoupht.jpg,False,-1,False,False,1419.0,castle,1232.0,2651.0,other
we5e91f8,pig,../static/stimuli/images/house/sun_admwlghhtfixlbsf.jpg,False,-1,False,False,888.0,house,3021.000000000058,3909.000000000058,intrusion
we5e91f8,bird,../static/stimuli/images/underwater/sun_ajbkjsrhukffyqix.jpg,False,-1,False,False,1097.0,water,989.0,2086.0,other
we5e91f8,bed,../static/stimuli/images/forest/sun_abvrazjxgpqhvszy.jpg,False,-1,False,False,960.0,leaf,867.0,1827.0,intrusion
we5e91f8,jeans,../static/stimuli/images/temple/sun_apdrdxoeskjgfrbj.jpg,False,-1,False,False,3083.0,gold,465.0,3548.0,intrusion
we5e91f8,ear,../static/stimuli/images/tenniscourt/sun_aczifhfuxagmsqub.jpg,False,-1,True,False,10599.0,duck,490.0,11089.0,intrusion
we5e91f8,apple,../static/stimuli/images/volcano/sun_alxwigenocbauhzw.jpg,False,-1,True,False,7338.0,apple,644.0,7982.0,correct
we5e91f8,dog,../static/stimuli/images/theater/sun_augboomebjfniikq.jpg,False,-1,True,False,5003.0,dog,501.0,5504.0,correct
we5e91f8,duck,../static/stimuli/images/shoppingmall/sun_aeqagrktttxaasae.jpg,False,-1,True,True,10882.0,egg,509.0,11391.0,other
we5e91f8,hat,../static/stimuli/images/musuem/sun_agblrnoilxeknben.jpg,False,-1,True,False,7148.0,hat,517.0,7665.0,intrusion
we5e91f8,horse,../static/stimuli/images/castle/sun_alsmelmsufuoupht.jpg,False,-1,True,True,7448.999999999884,horse,858.0,8306.999999999884,intrusion
we5e91f8,bear,../static/stimuli/images/airport/sun_aajqjnzswlmdcmyl.jpg,False,-1,True,False,11032.0,bear,646.0,11678.0,intrusion
we5e91f8,drink,../static/stimuli/images/beach/sun_abrqamdurwzygcjy.jpg,False,-1,True,False,3287.0,beach,2113.0,5400.0,other
we5e91f8,pig,../static/stimuli/images/house/sun_admwlghhtfixlbsf.jpg,False,-1,True,True,9903.0,nut,604.0,10507.0,other
we5e91f8,sand,../static/stimuli/images/restaurant/sun_agxfoksoiibofpna.jpg,False,-1,True,False,4451.0,sand,753.0,5204.0,intrusion
we5e91f8,jeans,../static/stimuli/images/temple/sun_apdrdxoeskjgfrbj.jpg,False,-1,True,False,5039.0,jean,1130.0,6169.0,other
we5e91f8,bone,../static/stimuli/images/downtown/sun_aljrvcabwnwkorml.jpg,False,-1,True,True,6018.0,bone,1657.0,7675.0,intrusion
we5e91f8,rabbit,../static/stimuli/images/skiresort/sun_aqtrvlzivijhozcl.jpg,False,-1,True,False,12950.0,rabbit,1032.0,13982.0,correct
we5e91f8,hay,../static/stimuli/images/bookstore/sun_auwghripdoxzluuk.jpg,False,-1,True,False,6722.0,hay,407.0000000001164,7129.000000000116,intrusion
we5e91f8,door,../static/stimuli/images/laundryroom/sun_acnrhsgylwftewpq.jpg,False,-1,True,True,11426.000000000116,lion,913.9999999998836,12340.0,other
we5e91f8,bag,../static/stimuli/images/vineyard/sun_adcctdabyxmhioeg.jpg,False,-1,True,True,2805.0,bag,477.0,3282.0,intrusion
we5e91f8,bee,../static/stimuli/images/roof/sun_aqhqmhidvlrpfhie.jpg,False,-1,True,True,7321.0,bee,548.0,7869.0,intrusion
we5e91f8,truck,../static/stimuli/images/sky/sun_agpvigtqjmmxbzwp.jpg,False,-1,True,True,4179.0,truck,3026.0,7205.0,correct
we5e91f8,cake,../static/stimuli/images/campsite/sun_arbodmznqjwtkkya.jpg,False,-1,True,False,8157.999999999884,camp,770.0,8927.999999999884,other
we5e91f8,bird,../static/stimuli/images/underwater/sun_ajbkjsrhukffyqix.jpg,False,-1,True,True,2417.0,bird,584.0,3001.0,correct
we5e91f8,milk,../static/stimuli/images/ranch/sun_amqejeymhjlanyvr.jpg,False,-1,True,False,7154.000000000116,milk,2181.9999999998836,9336.0,intrusion
we5e91f8,flower,../static/stimuli/images/garage/sun_deomonrjnryvglit.jpg,False,-1,True,True,5832.0,flower,893.0,6725.0,intrusion
we5e91f8,window,../static/stimuli/images/ziggurat/sun_aecdvzqgcesggjrp.jpg,False,-1,True,True,3469.0,sand,605.0,4074.0,intrusion
we5e91f8,snake,../static/stimuli/images/warehouse/sun_agdmklchstfjclxg.jpg,False,-1,True,True,5128.0,snake,1859.0000000001164,6987.000000000116,correct
we5e91f8,heart,../static/stimuli/images/river/sun_atesawsfypjpyefy.jpg,False,-1,True,True,8046.0,bread,899.0,8945.0,other
we5e91f8,cat,../static/stimuli/images/waterfall/sun_albucmtmstcfpynn.jpg,False,-1,True,True,1827.0,water,1054.0,2881.0,other
we5e91f8,egg,../static/stimuli/images/tower/sun_afjkdsegpwxewtah.jpg,False,-1,True,True,4415.0,apple,1305.0,5720.0,other
we5e91f8,eye,../static/stimuli/images/railway/sun_aprfapnfngmvbixm.jpg,False,-1,True,False,4787.000000000116,eye,452.9999999998836,5240.0,correct
we5e91f8,toilet,../static/stimuli/images/pool/sun_aahnsyqkaacnevsz.jpg,False,-1,True,True,4399.999999999884,toilet,1299.0,5698.999999999884,correct
we5e91f8,bread,../static/stimuli/images/windmill/sun_adstnygbbvkhooog.jpg,False,-1,True,True,8626.0,windmill,1054.0000000001164,9680.000000000116,other
we5e91f8,lion,../static/stimuli/images/auditorium/sun_amogjvmhqoxmxbyg.jpg,False,-1,True,False,3840.0000000001164,lion,832.9999999998836,4673.0,correct
we5e91f8,lawn,../static/stimuli/images/computerroom/sun_adsueslplqfnwvqd.jpg,False,-1,True,False,12468.0,milk,663.0,13131.0,intrusion
we5e91f8,bed,../static/stimuli/images/forest/sun_abvrazjxgpqhvszy.jpg,False,-1,True,True,5131.000000000116,bed,412.9999999998836,5544.0,correct
we5e91f8,computer,../static/stimuli/images/gym/sun_auzbqfsaebhgtrig.jpg,False,-1,True,True,1766.0,computer,2798.0,4564.0,correct
we5e91f8,volcano,../static/stimuli/images/grocery/sun_agipdkpovnqrcsgh.jpg,False,-1,True,True,4481.0,volcano,948.0,5429.0,correct
we5e91f8,nut,../static/stimuli/images/subway/sun_aoelchwqhnnizmrp.jpg,False,-1,True,False,1453.0,nut,429.0000000001164,1882.0000000001164,correct
we5e91f8,puzzle,../static/stimuli/images/street/sun_aadhshmrjrbucdky.jpg,False,-1,True,False,5366.0,puzzle,833.0,6199.0,correct
we5e91f8,potato,../static/stimuli/images/kitchen/sun_aibgyrlkgcnwvhxl.jpg,False,-1,True,False,8448.0,pig,458.0,8906.0,other
we5e91f8,fence,../static/stimuli/images/greenhouse/sun_apjhtwdcpezmnlze.jpg,False,-1,True,False,1940.0,fence,756.0000000001164,2696.0000000001164,intrusion
we5e91f8,candle,../static/stimuli/images/footballfield/sun_aadxnjugrvhqyufw.jpg,False,-1,True,False,12474.0,flower,1173.0,13647.0,intrusion
we5e91f8,window,../static/stimuli/images/ziggurat/sun_aecdvzqgcesggjrp.jpg,False,-1,True,False,9216.0,window,744.0,9960.0,correct
we5e91f8,milk,../static/stimuli/images/ranch/sun_amqejeymhjlanyvr.jpg,False,-1,True,True,9218.0,milk,982.0,10200.0,intrusion
we5e91f8,cake,../static/stimuli/images/campsite/sun_arbodmznqjwtkkya.jpg,False,-1,True,True,,,,,timeout
we5e91f8,bird,../static/stimuli/images/underwater/sun_ajbkjsrhukffyqix.jpg,False,-1,True,False,4467.0,lion,819.9999999998836,5286.999999999884,other
we5e91f8,hay,../static/stimuli/images/bookstore/sun_auwghripdoxzluuk.jpg,False,-1,True,True,12000.0,candle,851.9999999998836,12851.999999999884,other
we5e91f8,hat,../static/stimuli/images/musuem/sun_agblrnoilxeknben.jpg,False,-1,True,True,7410.0,bone,801.0,8211.0,intrusion
we5e91f8,flower,../static/stimuli/images/garage/sun_deomonrjnryvglit.jpg,False,-1,True,False,6079.0,flower,856.0,6935.0,intrusion
we5e91f8,lawn,../static/stimuli/images/computerroom/sun_adsueslplqfnwvqd.jpg,False,-1,True,True,4472.0,lawn,689.0,5161.0,correct
we5e91f8,cat,../static/stimuli/images/waterfall/sun_albucmtmstcfpynn.jpg,False,-1,True,False,7610.0,cat,605.0,8215.0,correct
we5e91f8,pig,../static/stimuli/images/house/sun_admwlghhtfixlbsf.jpg,False,-1,True,False,5105.0,pig,692.0,5797.0,correct
we5e91f8,puzzle,../static/stimuli/images/street/sun_aadhshmrjrbucdky.jpg,False,-1,True,True,6915.000000000233,puzzle,1764.9999999997672,8680.0,correct
we5e91f8,egg,../static/stimuli/images/tower/sun_afjkdsegpwxewtah.jpg,False,-1,True,False,8396.0,egg,472.0,8868.0,correct
we5e91f8,computer,../static/stimuli/images/gym/sun_auzbqfsaebhgtrig.jpg,False,-1,True,False,1153.0,computer,2626.0,3779.0,correct
we5e91f8,eye,../static/stimuli/images/railway/sun_aprfapnfngmvbixm.jpg,False,-1,True,True,8144.000000000233,eye,423.99999999976717,8568.0,correct
we5e91f8,nut,../static/stimuli/images/subway/sun_aoelchwqhnnizmrp.jpg,False,-1,True,True,1243.0,nut,394.0,1637.0,correct
we5e91f8,lion,../static/stimuli/images/auditorium/sun_amogjvmhqoxmxbyg.jpg,False,-1,True,True,3901.0,lion,661.0,4562.0,correct
we5e91f8,potato,../static/stimuli/images/kitchen/sun_aibgyrlkgcnwvhxl.jpg,False,-1,True,True,5204.0,potato,1209.0,6413.0,correct
we5e91f8,bee,../static/stimuli/images/roof/sun_aqhqmhidvlrpfhie.jpg,False,-1,True,False,5868.0,bee,519.0,6387.0,intrusion
we5e91f8,bone,../static/stimuli/images/downtown/sun_aljrvcabwnwkorml.jpg,False,-1,True,False,9742.999999999767,bone,460.0,10202.999999999767,intrusion
we5e91f8,fence,../static/stimuli/images/greenhouse/sun_apjhtwdcpezmnlze.jpg,False,-1,True,True,7990.0,fence,1037.0,9027.0,intrusion
we5e91f8,duck,../static/stimuli/images/shoppingmall/sun_aeqagrktttxaasae.jpg,False,-1,True,False,8551.0,duck,885.0,9436.0,intrusion
we5e91f8,ear,../static/stimuli/images/tenniscourt/sun_aczifhfuxagmsqub.jpg,False,-1,True,True,3741.0,ear,626.0,4367.0,intrusion
we5e91f8,bread,../static/stimuli/images/windmill/sun_adstnygbbvkhooog.jpg,False,-1,True,False,9187.0,bread,1400.0,10587.0,correct
we5e91f8,volcano,../static/stimuli/images/grocery/sun_agipdkpovnqrcsgh.jpg,False,-1,True,False,8502.0,volcano,1368.0,9870.0,correct
we5e91f8,bear,../static/stimuli/images/airport/sun_aajqjnzswlmdcmyl.jpg,False,-1,True,True,1882.0,airport,1993.0,3875.0,other
we5e91f8,sand,../static/stimuli/images/restaurant/sun_agxfoksoiibofpna.jpg,False,-1,True,True,1180.0,red,528.0,1708.0,other
we5e91f8,apple,../static/stimuli/images/volcano/sun_alxwigenocbauhzw.jpg,False,-1,True,True,9803.0,apple,808.0,10611.0,correct
we5e91f8,drink,../static/stimuli/images/beach/sun_abrqamdurwzygcjy.jpg,False,-1,True,True,1332.0,beach,810.0,2142.0,other
we5e91f8,heart,../static/stimuli/images/river/sun_atesawsfypjpyefy.jpg,False,-1,True,False,1183.9999999997672,water,783.0,1966.9999999997672,other
we5e91f8,snake,../static/stimuli/images/warehouse/sun_agdmklchstfjclxg.jpg,False,-1,True,False,11439.0,snake,608.0,12047.0,correct
we5e91f8,candle,../static/stimuli/images/footballfield/sun_aadxnjugrvhqyufw.jpg,False,-1,True,True,9060.000000000233,bench,1346.0,10406.000000000233,intrusion
we5e91f8,truck,../static/stimuli/images/sky/sun_agpvigtqjmmxbzwp.jpg,False,-1,True,False,8366.0,truck,760.0,9126.0,correct
we5e91f8,dog,../static/stimuli/images/theater/sun_augboomebjfniikq.jpg,False,-1,True,True,157.0,piano,2571.0,2728.0,other
we5e91f8,bed,../static/stimuli/images/forest/sun_abvrazjxgpqhvszy.jpg,False,-1,True,False,1101.0,leaf,711.0,1812.0,intrusion
we5e91f8,horse,../static/stimuli/images/castle/sun_alsmelmsufuoupht.jpg,False,-1,True,False,1738.0,castle,2519.0,4257.0,other
we5e91f8,toilet,../static/stimuli/images/pool/sun_aahnsyqkaacnevsz.jpg,False,-1,True,False,802.0,pool,758.0000000002328,1560.0000000002328,other
we5e91f8,bag,../static/stimuli/images/vineyard/sun_adcctdabyxmhioeg.jpg,False,-1,True,False,3919.0,pool,637.0,4556.0,other
we5e91f8,rabbit,../static/stimuli/images/skiresort/sun_aqtrvlzivijhozcl.jpg,False,-1,True,True,969.9999999997672,cat,680.0,1649.9999999997672,other
we5e91f8,jeans,../static/stimuli/images/temple/sun_apdrdxoeskjgfrbj.jpg,False,-1,True,True,1583.0,hold,2603.0,4186.0,intrusion
we5e91f8,door,../static/stimuli/images/laundryroom/sun_acnrhsgylwftewpq.jpg,False,-1,True,False,2550.999999999767,house,956.0,3506.999999999767,intrusion
